Max,Generations,Min,Avg,Std,Available
4.200000000000000000e+01,0.000000000000000000e+00,0.000000000000000000e+00,3.549999999999999822e+00,7.116710000000000313e+00,8.900000000000000000e+01
4.200000000000000000e+01,1.000000000000000000e+00,0.000000000000000000e+00,6.919999999999999929e+00,8.833660000000000068e+00,8.900000000000000000e+01
4.200000000000000000e+01,2.000000000000000000e+00,8.000000000000000000e+00,1.323000000000000043e+01,9.228059999999999263e+00,8.900000000000000000e+01
4.200000000000000000e+01,3.000000000000000000e+00,1.000000000000000000e+01,1.535999999999999943e+01,1.125120000000000076e+01,8.900000000000000000e+01
4.500000000000000000e+01,4.000000000000000000e+00,1.000000000000000000e+01,2.014000000000000057e+01,1.424009999999999998e+01,8.900000000000000000e+01
4.500000000000000000e+01,5.000000000000000000e+00,1.000000000000000000e+01,2.557000000000000028e+01,1.520350000000000001e+01,8.900000000000000000e+01
4.500000000000000000e+01,6.000000000000000000e+00,1.000000000000000000e+01,3.613000000000000256e+01,1.068050000000000033e+01,8.900000000000000000e+01
5.900000000000000000e+01,7.000000000000000000e+00,4.200000000000000000e+01,4.225999999999999801e+01,1.758520000000000083e+00,8.900000000000000000e+01
5.900000000000000000e+01,8.000000000000000000e+00,4.200000000000000000e+01,4.227000000000000313e+01,1.759859999999999980e+00,8.900000000000000000e+01
5.900000000000000000e+01,9.000000000000000000e+00,4.200000000000000000e+01,4.256000000000000227e+01,2.665779999999999816e+00,8.900000000000000000e+01
5.900000000000000000e+01,1.000000000000000000e+01,4.200000000000000000e+01,4.256000000000000227e+01,2.665779999999999816e+00,8.900000000000000000e+01
7.400000000000000000e+01,1.100000000000000000e+01,4.200000000000000000e+01,4.325999999999999801e+01,4.511359999999999815e+00,8.900000000000000000e+01
7.400000000000000000e+01,1.200000000000000000e+01,4.200000000000000000e+01,4.371000000000000085e+01,4.968490000000000073e+00,8.900000000000000000e+01
7.400000000000000000e+01,1.300000000000000000e+01,4.200000000000000000e+01,4.410000000000000142e+01,5.181700000000000195e+00,8.900000000000000000e+01
7.400000000000000000e+01,1.400000000000000000e+01,4.200000000000000000e+01,4.485000000000000142e+01,5.853850000000000442e+00,8.900000000000000000e+01
7.400000000000000000e+01,1.500000000000000000e+01,4.200000000000000000e+01,4.522999999999999687e+01,5.858080000000000176e+00,8.900000000000000000e+01
7.400000000000000000e+01,1.600000000000000000e+01,4.200000000000000000e+01,4.634000000000000341e+01,6.227710000000000079e+00,8.900000000000000000e+01
7.400000000000000000e+01,1.700000000000000000e+01,4.200000000000000000e+01,4.777000000000000313e+01,6.667620000000000324e+00,8.900000000000000000e+01
7.400000000000000000e+01,1.800000000000000000e+01,4.200000000000000000e+01,4.871999999999999886e+01,6.592539999999999623e+00,8.900000000000000000e+01
7.400000000000000000e+01,1.900000000000000000e+01,4.200000000000000000e+01,4.963000000000000256e+01,6.244449999999999612e+00,8.900000000000000000e+01
7.400000000000000000e+01,2.000000000000000000e+01,4.300000000000000000e+01,5.054999999999999716e+01,5.892999999999999794e+00,8.900000000000000000e+01
7.400000000000000000e+01,2.100000000000000000e+01,4.600000000000000000e+01,5.175999999999999801e+01,5.528330000000000410e+00,8.900000000000000000e+01
7.400000000000000000e+01,2.200000000000000000e+01,4.700000000000000000e+01,5.271000000000000085e+01,5.468630000000000102e+00,8.900000000000000000e+01
7.400000000000000000e+01,2.300000000000000000e+01,4.700000000000000000e+01,5.360000000000000142e+01,5.360970000000000013e+00,8.900000000000000000e+01
7.400000000000000000e+01,2.400000000000000000e+01,4.800000000000000000e+01,5.474000000000000199e+01,4.965119999999999756e+00,8.900000000000000000e+01
7.400000000000000000e+01,2.500000000000000000e+01,4.800000000000000000e+01,5.531000000000000227e+01,4.939020000000000188e+00,8.900000000000000000e+01
7.400000000000000000e+01,2.600000000000000000e+01,5.000000000000000000e+01,5.653999999999999915e+01,4.067969999999999864e+00,8.900000000000000000e+01
7.400000000000000000e+01,2.700000000000000000e+01,5.200000000000000000e+01,5.710000000000000142e+01,3.697299999999999809e+00,8.900000000000000000e+01
7.800000000000000000e+01,2.800000000000000000e+01,5.200000000000000000e+01,5.824000000000000199e+01,3.717849999999999877e+00,8.900000000000000000e+01
7.800000000000000000e+01,2.900000000000000000e+01,5.500000000000000000e+01,5.899000000000000199e+01,3.195289999999999964e+00,8.900000000000000000e+01
7.800000000000000000e+01,3.000000000000000000e+01,5.700000000000000000e+01,5.925999999999999801e+01,3.113259999999999916e+00,8.900000000000000000e+01
7.800000000000000000e+01,3.100000000000000000e+01,5.800000000000000000e+01,5.967999999999999972e+01,3.526699999999999946e+00,8.900000000000000000e+01
7.800000000000000000e+01,3.200000000000000000e+01,5.800000000000000000e+01,5.995000000000000284e+01,3.696959999999999802e+00,8.900000000000000000e+01
7.800000000000000000e+01,3.300000000000000000e+01,5.800000000000000000e+01,6.031000000000000227e+01,4.080919999999999881e+00,8.900000000000000000e+01
7.800000000000000000e+01,3.400000000000000000e+01,5.800000000000000000e+01,6.063000000000000256e+01,4.046369999999999578e+00,8.900000000000000000e+01
7.900000000000000000e+01,3.500000000000000000e+01,5.800000000000000000e+01,6.131000000000000227e+01,4.691900000000000404e+00,8.900000000000000000e+01
7.900000000000000000e+01,3.600000000000000000e+01,5.800000000000000000e+01,6.139000000000000057e+01,4.675239999999999618e+00,8.900000000000000000e+01
7.900000000000000000e+01,3.700000000000000000e+01,5.800000000000000000e+01,6.193999999999999773e+01,4.939269999999999605e+00,8.900000000000000000e+01
7.900000000000000000e+01,3.800000000000000000e+01,5.800000000000000000e+01,6.224000000000000199e+01,4.843799999999999883e+00,8.900000000000000000e+01
7.900000000000000000e+01,3.900000000000000000e+01,5.800000000000000000e+01,6.259000000000000341e+01,4.974120000000000097e+00,8.900000000000000000e+01
7.900000000000000000e+01,4.000000000000000000e+01,5.900000000000000000e+01,6.313000000000000256e+01,5.082629999999999981e+00,8.900000000000000000e+01
7.900000000000000000e+01,4.100000000000000000e+01,5.900000000000000000e+01,6.321000000000000085e+01,5.056269999999999598e+00,8.900000000000000000e+01
7.900000000000000000e+01,4.200000000000000000e+01,5.900000000000000000e+01,6.379999999999999716e+01,5.138090000000000046e+00,8.900000000000000000e+01
7.900000000000000000e+01,4.300000000000000000e+01,5.900000000000000000e+01,6.442000000000000171e+01,5.274810000000000443e+00,8.900000000000000000e+01
7.900000000000000000e+01,4.400000000000000000e+01,5.900000000000000000e+01,6.529999999999999716e+01,5.330099999999999838e+00,8.900000000000000000e+01
7.900000000000000000e+01,4.500000000000000000e+01,6.000000000000000000e+01,6.626999999999999602e+01,5.460499999999999687e+00,8.900000000000000000e+01
7.900000000000000000e+01,4.600000000000000000e+01,6.100000000000000000e+01,6.726000000000000512e+01,5.356530000000000236e+00,8.900000000000000000e+01
7.900000000000000000e+01,4.700000000000000000e+01,6.100000000000000000e+01,6.770000000000000284e+01,5.288669999999999760e+00,8.900000000000000000e+01
7.900000000000000000e+01,4.800000000000000000e+01,6.300000000000000000e+01,6.868000000000000682e+01,5.143699999999999939e+00,8.900000000000000000e+01
7.900000000000000000e+01,4.900000000000000000e+01,6.400000000000000000e+01,6.956000000000000227e+01,5.267489999999999561e+00,8.900000000000000000e+01
7.900000000000000000e+01,5.000000000000000000e+01,6.400000000000000000e+01,7.007999999999999829e+01,5.210910000000000153e+00,8.900000000000000000e+01
7.900000000000000000e+01,5.100000000000000000e+01,6.400000000000000000e+01,7.073000000000000398e+01,4.999710000000000321e+00,8.900000000000000000e+01
7.900000000000000000e+01,5.200000000000000000e+01,6.400000000000000000e+01,7.125000000000000000e+01,4.960589999999999833e+00,8.900000000000000000e+01
8.000000000000000000e+01,5.300000000000000000e+01,6.500000000000000000e+01,7.228000000000000114e+01,4.749909999999999854e+00,8.900000000000000000e+01
8.000000000000000000e+01,5.400000000000000000e+01,6.500000000000000000e+01,7.334000000000000341e+01,4.074849999999999639e+00,8.900000000000000000e+01
8.000000000000000000e+01,5.500000000000000000e+01,6.600000000000000000e+01,7.376000000000000512e+01,3.747320000000000206e+00,8.900000000000000000e+01
8.000000000000000000e+01,5.600000000000000000e+01,6.700000000000000000e+01,7.448000000000000398e+01,3.154300000000000104e+00,8.900000000000000000e+01
8.000000000000000000e+01,5.700000000000000000e+01,7.100000000000000000e+01,7.526000000000000512e+01,2.435649999999999871e+00,8.900000000000000000e+01
8.000000000000000000e+01,5.800000000000000000e+01,7.400000000000000000e+01,7.596999999999999886e+01,2.012239999999999807e+00,8.900000000000000000e+01
8.000000000000000000e+01,5.900000000000000000e+01,7.400000000000000000e+01,7.629000000000000625e+01,2.026299999999999990e+00,8.900000000000000000e+01
8.000000000000000000e+01,6.000000000000000000e+01,7.400000000000000000e+01,7.657999999999999829e+01,1.975749999999999895e+00,8.900000000000000000e+01
8.000000000000000000e+01,6.100000000000000000e+01,7.400000000000000000e+01,7.689000000000000057e+01,1.832459999999999978e+00,8.900000000000000000e+01
8.000000000000000000e+01,6.200000000000000000e+01,7.400000000000000000e+01,7.737000000000000455e+01,1.533979999999999899e+00,8.900000000000000000e+01
8.000000000000000000e+01,6.300000000000000000e+01,7.500000000000000000e+01,7.784999999999999432e+01,1.042829999999999924e+00,8.900000000000000000e+01
8.000000000000000000e+01,6.400000000000000000e+01,7.800000000000000000e+01,7.818999999999999773e+01,5.421249999999999680e-01,8.900000000000000000e+01
8.000000000000000000e+01,6.500000000000000000e+01,7.800000000000000000e+01,7.823000000000000398e+01,5.806029999999999802e-01,8.900000000000000000e+01
8.000000000000000000e+01,6.600000000000000000e+01,7.800000000000000000e+01,7.828000000000000114e+01,6.337190000000000323e-01,8.900000000000000000e+01
8.000000000000000000e+01,6.700000000000000000e+01,7.800000000000000000e+01,7.832999999999999829e+01,6.790429999999999522e-01,8.900000000000000000e+01
8.000000000000000000e+01,6.800000000000000000e+01,7.800000000000000000e+01,7.834999999999999432e+01,6.982120000000000548e-01,8.900000000000000000e+01
8.000000000000000000e+01,6.900000000000000000e+01,7.800000000000000000e+01,7.842000000000000171e+01,7.372919999999999474e-01,8.900000000000000000e+01
8.000000000000000000e+01,7.000000000000000000e+01,7.800000000000000000e+01,7.846999999999999886e+01,7.410130000000000328e-01,8.900000000000000000e+01
8.000000000000000000e+01,7.100000000000000000e+01,7.800000000000000000e+01,7.851000000000000512e+01,7.549169999999999492e-01,8.900000000000000000e+01
8.000000000000000000e+01,7.200000000000000000e+01,7.800000000000000000e+01,7.859000000000000341e+01,7.758220000000000116e-01,8.900000000000000000e+01
8.000000000000000000e+01,7.300000000000000000e+01,7.800000000000000000e+01,7.870000000000000284e+01,8.062259999999999982e-01,8.900000000000000000e+01
8.000000000000000000e+01,7.400000000000000000e+01,7.800000000000000000e+01,7.893000000000000682e+01,8.031810000000000338e-01,8.900000000000000000e+01
8.000000000000000000e+01,7.500000000000000000e+01,7.800000000000000000e+01,7.918000000000000682e+01,7.124610000000000110e-01,8.900000000000000000e+01
8.000000000000000000e+01,7.600000000000000000e+01,7.900000000000000000e+01,7.939000000000000057e+01,4.877500000000000169e-01,8.900000000000000000e+01
8.000000000000000000e+01,7.700000000000000000e+01,7.900000000000000000e+01,7.942000000000000171e+01,4.935579999999999967e-01,8.900000000000000000e+01
8.000000000000000000e+01,7.800000000000000000e+01,7.900000000000000000e+01,7.946999999999999886e+01,4.990990000000000149e-01,8.900000000000000000e+01
8.000000000000000000e+01,7.900000000000000000e+01,7.900000000000000000e+01,7.954000000000000625e+01,4.983969999999999789e-01,8.900000000000000000e+01
8.000000000000000000e+01,8.000000000000000000e+01,7.900000000000000000e+01,7.965999999999999659e+01,4.737089999999999912e-01,8.900000000000000000e+01
8.000000000000000000e+01,8.100000000000000000e+01,7.900000000000000000e+01,7.971999999999999886e+01,4.489989999999999815e-01,8.900000000000000000e+01
8.000000000000000000e+01,8.200000000000000000e+01,7.900000000000000000e+01,7.982999999999999829e+01,3.756329999999999947e-01,8.900000000000000000e+01
8.000000000000000000e+01,8.300000000000000000e+01,7.900000000000000000e+01,7.990999999999999659e+01,2.861819999999999919e-01,8.900000000000000000e+01
8.000000000000000000e+01,8.400000000000000000e+01,8.000000000000000000e+01,8.000000000000000000e+01,0.000000000000000000e+00,8.900000000000000000e+01
8.000000000000000000e+01,8.500000000000000000e+01,8.000000000000000000e+01,8.000000000000000000e+01,0.000000000000000000e+00,8.900000000000000000e+01
8.000000000000000000e+01,8.600000000000000000e+01,8.000000000000000000e+01,8.000000000000000000e+01,0.000000000000000000e+00,8.900000000000000000e+01
8.000000000000000000e+01,8.700000000000000000e+01,8.000000000000000000e+01,8.000000000000000000e+01,0.000000000000000000e+00,8.900000000000000000e+01
8.000000000000000000e+01,8.800000000000000000e+01,8.000000000000000000e+01,8.000000000000000000e+01,0.000000000000000000e+00,8.900000000000000000e+01
8.000000000000000000e+01,8.900000000000000000e+01,8.000000000000000000e+01,8.000000000000000000e+01,0.000000000000000000e+00,8.900000000000000000e+01
8.000000000000000000e+01,9.000000000000000000e+01,8.000000000000000000e+01,8.000000000000000000e+01,0.000000000000000000e+00,8.900000000000000000e+01
8.000000000000000000e+01,9.100000000000000000e+01,8.000000000000000000e+01,8.000000000000000000e+01,0.000000000000000000e+00,8.900000000000000000e+01
8.000000000000000000e+01,9.200000000000000000e+01,8.000000000000000000e+01,8.000000000000000000e+01,0.000000000000000000e+00,8.900000000000000000e+01
8.000000000000000000e+01,9.300000000000000000e+01,8.000000000000000000e+01,8.000000000000000000e+01,0.000000000000000000e+00,8.900000000000000000e+01
8.000000000000000000e+01,9.400000000000000000e+01,8.000000000000000000e+01,8.000000000000000000e+01,0.000000000000000000e+00,8.900000000000000000e+01
8.000000000000000000e+01,9.500000000000000000e+01,8.000000000000000000e+01,8.000000000000000000e+01,0.000000000000000000e+00,8.900000000000000000e+01
8.000000000000000000e+01,9.600000000000000000e+01,8.000000000000000000e+01,8.000000000000000000e+01,0.000000000000000000e+00,8.900000000000000000e+01
8.000000000000000000e+01,9.700000000000000000e+01,8.000000000000000000e+01,8.000000000000000000e+01,0.000000000000000000e+00,8.900000000000000000e+01
8.000000000000000000e+01,9.800000000000000000e+01,8.000000000000000000e+01,8.000000000000000000e+01,0.000000000000000000e+00,8.900000000000000000e+01
8.000000000000000000e+01,9.900000000000000000e+01,8.000000000000000000e+01,8.000000000000000000e+01,0.000000000000000000e+00,8.900000000000000000e+01
8.000000000000000000e+01,1.000000000000000000e+02,8.000000000000000000e+01,8.000000000000000000e+01,0.000000000000000000e+00,8.900000000000000000e+01
8.000000000000000000e+01,1.010000000000000000e+02,8.000000000000000000e+01,8.000000000000000000e+01,0.000000000000000000e+00,8.900000000000000000e+01
8.000000000000000000e+01,1.020000000000000000e+02,8.000000000000000000e+01,8.000000000000000000e+01,0.000000000000000000e+00,8.900000000000000000e+01
8.000000000000000000e+01,1.030000000000000000e+02,8.000000000000000000e+01,8.000000000000000000e+01,0.000000000000000000e+00,8.900000000000000000e+01
8.000000000000000000e+01,1.040000000000000000e+02,8.000000000000000000e+01,8.000000000000000000e+01,0.000000000000000000e+00,8.900000000000000000e+01
8.000000000000000000e+01,1.050000000000000000e+02,8.000000000000000000e+01,8.000000000000000000e+01,0.000000000000000000e+00,8.900000000000000000e+01
8.000000000000000000e+01,1.060000000000000000e+02,8.000000000000000000e+01,8.000000000000000000e+01,0.000000000000000000e+00,8.900000000000000000e+01
8.000000000000000000e+01,1.070000000000000000e+02,8.000000000000000000e+01,8.000000000000000000e+01,0.000000000000000000e+00,8.900000000000000000e+01
8.000000000000000000e+01,1.080000000000000000e+02,8.000000000000000000e+01,8.000000000000000000e+01,0.000000000000000000e+00,8.900000000000000000e+01
8.000000000000000000e+01,1.090000000000000000e+02,8.000000000000000000e+01,8.000000000000000000e+01,0.000000000000000000e+00,8.900000000000000000e+01
8.000000000000000000e+01,1.100000000000000000e+02,8.000000000000000000e+01,8.000000000000000000e+01,0.000000000000000000e+00,8.900000000000000000e+01
8.000000000000000000e+01,1.110000000000000000e+02,8.000000000000000000e+01,8.000000000000000000e+01,0.000000000000000000e+00,8.900000000000000000e+01
8.000000000000000000e+01,1.120000000000000000e+02,8.000000000000000000e+01,8.000000000000000000e+01,0.000000000000000000e+00,8.900000000000000000e+01
8.000000000000000000e+01,1.130000000000000000e+02,8.000000000000000000e+01,8.000000000000000000e+01,0.000000000000000000e+00,8.900000000000000000e+01
8.000000000000000000e+01,1.140000000000000000e+02,8.000000000000000000e+01,8.000000000000000000e+01,0.000000000000000000e+00,8.900000000000000000e+01
8.000000000000000000e+01,1.150000000000000000e+02,8.000000000000000000e+01,8.000000000000000000e+01,0.000000000000000000e+00,8.900000000000000000e+01
8.000000000000000000e+01,1.160000000000000000e+02,8.000000000000000000e+01,8.000000000000000000e+01,0.000000000000000000e+00,8.900000000000000000e+01
8.000000000000000000e+01,1.170000000000000000e+02,8.000000000000000000e+01,8.000000000000000000e+01,0.000000000000000000e+00,8.900000000000000000e+01
8.000000000000000000e+01,1.180000000000000000e+02,8.000000000000000000e+01,8.000000000000000000e+01,0.000000000000000000e+00,8.900000000000000000e+01
8.000000000000000000e+01,1.190000000000000000e+02,8.000000000000000000e+01,8.000000000000000000e+01,0.000000000000000000e+00,8.900000000000000000e+01
8.000000000000000000e+01,1.200000000000000000e+02,8.000000000000000000e+01,8.000000000000000000e+01,0.000000000000000000e+00,8.900000000000000000e+01
8.000000000000000000e+01,1.210000000000000000e+02,8.000000000000000000e+01,8.000000000000000000e+01,0.000000000000000000e+00,8.900000000000000000e+01
8.000000000000000000e+01,1.220000000000000000e+02,8.000000000000000000e+01,8.000000000000000000e+01,0.000000000000000000e+00,8.900000000000000000e+01
8.000000000000000000e+01,1.230000000000000000e+02,8.000000000000000000e+01,8.000000000000000000e+01,0.000000000000000000e+00,8.900000000000000000e+01
8.000000000000000000e+01,1.240000000000000000e+02,8.000000000000000000e+01,8.000000000000000000e+01,0.000000000000000000e+00,8.900000000000000000e+01
8.000000000000000000e+01,1.250000000000000000e+02,8.000000000000000000e+01,8.000000000000000000e+01,0.000000000000000000e+00,8.900000000000000000e+01
8.000000000000000000e+01,1.260000000000000000e+02,8.000000000000000000e+01,8.000000000000000000e+01,0.000000000000000000e+00,8.900000000000000000e+01
8.000000000000000000e+01,1.270000000000000000e+02,8.000000000000000000e+01,8.000000000000000000e+01,0.000000000000000000e+00,8.900000000000000000e+01
8.000000000000000000e+01,1.280000000000000000e+02,8.000000000000000000e+01,8.000000000000000000e+01,0.000000000000000000e+00,8.900000000000000000e+01
8.000000000000000000e+01,1.290000000000000000e+02,8.000000000000000000e+01,8.000000000000000000e+01,0.000000000000000000e+00,8.900000000000000000e+01
8.000000000000000000e+01,1.300000000000000000e+02,8.000000000000000000e+01,8.000000000000000000e+01,0.000000000000000000e+00,8.900000000000000000e+01
8.000000000000000000e+01,1.310000000000000000e+02,8.000000000000000000e+01,8.000000000000000000e+01,0.000000000000000000e+00,8.900000000000000000e+01
8.000000000000000000e+01,1.320000000000000000e+02,8.000000000000000000e+01,8.000000000000000000e+01,0.000000000000000000e+00,8.900000000000000000e+01
8.000000000000000000e+01,1.330000000000000000e+02,8.000000000000000000e+01,8.000000000000000000e+01,0.000000000000000000e+00,8.900000000000000000e+01
8.000000000000000000e+01,1.340000000000000000e+02,8.000000000000000000e+01,8.000000000000000000e+01,0.000000000000000000e+00,8.900000000000000000e+01
8.000000000000000000e+01,1.350000000000000000e+02,8.000000000000000000e+01,8.000000000000000000e+01,0.000000000000000000e+00,8.900000000000000000e+01
8.000000000000000000e+01,1.360000000000000000e+02,8.000000000000000000e+01,8.000000000000000000e+01,0.000000000000000000e+00,8.900000000000000000e+01
8.000000000000000000e+01,1.370000000000000000e+02,8.000000000000000000e+01,8.000000000000000000e+01,0.000000000000000000e+00,8.900000000000000000e+01
8.000000000000000000e+01,1.380000000000000000e+02,8.000000000000000000e+01,8.000000000000000000e+01,0.000000000000000000e+00,8.900000000000000000e+01
8.000000000000000000e+01,1.390000000000000000e+02,8.000000000000000000e+01,8.000000000000000000e+01,0.000000000000000000e+00,8.900000000000000000e+01
8.000000000000000000e+01,1.400000000000000000e+02,8.000000000000000000e+01,8.000000000000000000e+01,0.000000000000000000e+00,8.900000000000000000e+01
8.000000000000000000e+01,1.410000000000000000e+02,8.000000000000000000e+01,8.000000000000000000e+01,0.000000000000000000e+00,8.900000000000000000e+01
8.000000000000000000e+01,1.420000000000000000e+02,8.000000000000000000e+01,8.000000000000000000e+01,0.000000000000000000e+00,8.900000000000000000e+01
8.000000000000000000e+01,1.430000000000000000e+02,8.000000000000000000e+01,8.000000000000000000e+01,0.000000000000000000e+00,8.900000000000000000e+01
8.000000000000000000e+01,1.440000000000000000e+02,8.000000000000000000e+01,8.000000000000000000e+01,0.000000000000000000e+00,8.900000000000000000e+01
8.000000000000000000e+01,1.450000000000000000e+02,8.000000000000000000e+01,8.000000000000000000e+01,0.000000000000000000e+00,8.900000000000000000e+01
8.000000000000000000e+01,1.460000000000000000e+02,8.000000000000000000e+01,8.000000000000000000e+01,0.000000000000000000e+00,8.900000000000000000e+01
8.000000000000000000e+01,1.470000000000000000e+02,8.000000000000000000e+01,8.000000000000000000e+01,0.000000000000000000e+00,8.900000000000000000e+01
8.000000000000000000e+01,1.480000000000000000e+02,8.000000000000000000e+01,8.000000000000000000e+01,0.000000000000000000e+00,8.900000000000000000e+01
8.000000000000000000e+01,1.490000000000000000e+02,8.000000000000000000e+01,8.000000000000000000e+01,0.000000000000000000e+00,8.900000000000000000e+01
8.000000000000000000e+01,1.500000000000000000e+02,8.000000000000000000e+01,8.000000000000000000e+01,0.000000000000000000e+00,8.900000000000000000e+01
8.000000000000000000e+01,1.510000000000000000e+02,8.000000000000000000e+01,8.000000000000000000e+01,0.000000000000000000e+00,8.900000000000000000e+01
8.000000000000000000e+01,1.520000000000000000e+02,8.000000000000000000e+01,8.000000000000000000e+01,0.000000000000000000e+00,8.900000000000000000e+01
8.000000000000000000e+01,1.530000000000000000e+02,8.000000000000000000e+01,8.000000000000000000e+01,0.000000000000000000e+00,8.900000000000000000e+01
8.000000000000000000e+01,1.540000000000000000e+02,8.000000000000000000e+01,8.000000000000000000e+01,0.000000000000000000e+00,8.900000000000000000e+01
8.000000000000000000e+01,1.550000000000000000e+02,8.000000000000000000e+01,8.000000000000000000e+01,0.000000000000000000e+00,8.900000000000000000e+01
8.000000000000000000e+01,1.560000000000000000e+02,8.000000000000000000e+01,8.000000000000000000e+01,0.000000000000000000e+00,8.900000000000000000e+01
8.000000000000000000e+01,1.570000000000000000e+02,8.000000000000000000e+01,8.000000000000000000e+01,0.000000000000000000e+00,8.900000000000000000e+01
8.000000000000000000e+01,1.580000000000000000e+02,8.000000000000000000e+01,8.000000000000000000e+01,0.000000000000000000e+00,8.900000000000000000e+01
8.000000000000000000e+01,1.590000000000000000e+02,8.000000000000000000e+01,8.000000000000000000e+01,0.000000000000000000e+00,8.900000000000000000e+01
8.000000000000000000e+01,1.600000000000000000e+02,8.000000000000000000e+01,8.000000000000000000e+01,0.000000000000000000e+00,8.900000000000000000e+01
8.000000000000000000e+01,1.610000000000000000e+02,8.000000000000000000e+01,8.000000000000000000e+01,0.000000000000000000e+00,8.900000000000000000e+01
8.000000000000000000e+01,1.620000000000000000e+02,8.000000000000000000e+01,8.000000000000000000e+01,0.000000000000000000e+00,8.900000000000000000e+01
8.000000000000000000e+01,1.630000000000000000e+02,8.000000000000000000e+01,8.000000000000000000e+01,0.000000000000000000e+00,8.900000000000000000e+01
8.000000000000000000e+01,1.640000000000000000e+02,8.000000000000000000e+01,8.000000000000000000e+01,0.000000000000000000e+00,8.900000000000000000e+01
8.000000000000000000e+01,1.650000000000000000e+02,8.000000000000000000e+01,8.000000000000000000e+01,0.000000000000000000e+00,8.900000000000000000e+01
8.000000000000000000e+01,1.660000000000000000e+02,8.000000000000000000e+01,8.000000000000000000e+01,0.000000000000000000e+00,8.900000000000000000e+01
8.000000000000000000e+01,1.670000000000000000e+02,8.000000000000000000e+01,8.000000000000000000e+01,0.000000000000000000e+00,8.900000000000000000e+01
8.000000000000000000e+01,1.680000000000000000e+02,8.000000000000000000e+01,8.000000000000000000e+01,0.000000000000000000e+00,8.900000000000000000e+01
8.000000000000000000e+01,1.690000000000000000e+02,8.000000000000000000e+01,8.000000000000000000e+01,0.000000000000000000e+00,8.900000000000000000e+01
8.000000000000000000e+01,1.700000000000000000e+02,8.000000000000000000e+01,8.000000000000000000e+01,0.000000000000000000e+00,8.900000000000000000e+01
8.000000000000000000e+01,1.710000000000000000e+02,8.000000000000000000e+01,8.000000000000000000e+01,0.000000000000000000e+00,8.900000000000000000e+01
8.000000000000000000e+01,1.720000000000000000e+02,8.000000000000000000e+01,8.000000000000000000e+01,0.000000000000000000e+00,8.900000000000000000e+01
8.000000000000000000e+01,1.730000000000000000e+02,8.000000000000000000e+01,8.000000000000000000e+01,0.000000000000000000e+00,8.900000000000000000e+01
8.000000000000000000e+01,1.740000000000000000e+02,8.000000000000000000e+01,8.000000000000000000e+01,0.000000000000000000e+00,8.900000000000000000e+01
8.000000000000000000e+01,1.750000000000000000e+02,8.000000000000000000e+01,8.000000000000000000e+01,0.000000000000000000e+00,8.900000000000000000e+01
8.000000000000000000e+01,1.760000000000000000e+02,8.000000000000000000e+01,8.000000000000000000e+01,0.000000000000000000e+00,8.900000000000000000e+01
8.000000000000000000e+01,1.770000000000000000e+02,8.000000000000000000e+01,8.000000000000000000e+01,0.000000000000000000e+00,8.900000000000000000e+01
8.000000000000000000e+01,1.780000000000000000e+02,8.000000000000000000e+01,8.000000000000000000e+01,0.000000000000000000e+00,8.900000000000000000e+01
8.000000000000000000e+01,1.790000000000000000e+02,8.000000000000000000e+01,8.000000000000000000e+01,0.000000000000000000e+00,8.900000000000000000e+01
8.000000000000000000e+01,1.800000000000000000e+02,8.000000000000000000e+01,8.000000000000000000e+01,0.000000000000000000e+00,8.900000000000000000e+01
8.000000000000000000e+01,1.810000000000000000e+02,8.000000000000000000e+01,8.000000000000000000e+01,0.000000000000000000e+00,8.900000000000000000e+01
8.000000000000000000e+01,1.820000000000000000e+02,8.000000000000000000e+01,8.000000000000000000e+01,0.000000000000000000e+00,8.900000000000000000e+01
8.000000000000000000e+01,1.830000000000000000e+02,8.000000000000000000e+01,8.000000000000000000e+01,0.000000000000000000e+00,8.900000000000000000e+01
8.000000000000000000e+01,1.840000000000000000e+02,8.000000000000000000e+01,8.000000000000000000e+01,0.000000000000000000e+00,8.900000000000000000e+01
8.000000000000000000e+01,1.850000000000000000e+02,8.000000000000000000e+01,8.000000000000000000e+01,0.000000000000000000e+00,8.900000000000000000e+01
8.000000000000000000e+01,1.860000000000000000e+02,8.000000000000000000e+01,8.000000000000000000e+01,0.000000000000000000e+00,8.900000000000000000e+01
8.000000000000000000e+01,1.870000000000000000e+02,8.000000000000000000e+01,8.000000000000000000e+01,0.000000000000000000e+00,8.900000000000000000e+01
8.000000000000000000e+01,1.880000000000000000e+02,8.000000000000000000e+01,8.000000000000000000e+01,0.000000000000000000e+00,8.900000000000000000e+01
8.000000000000000000e+01,1.890000000000000000e+02,8.000000000000000000e+01,8.000000000000000000e+01,0.000000000000000000e+00,8.900000000000000000e+01
8.000000000000000000e+01,1.900000000000000000e+02,8.000000000000000000e+01,8.000000000000000000e+01,0.000000000000000000e+00,8.900000000000000000e+01
8.000000000000000000e+01,1.910000000000000000e+02,8.000000000000000000e+01,8.000000000000000000e+01,0.000000000000000000e+00,8.900000000000000000e+01
8.000000000000000000e+01,1.920000000000000000e+02,8.000000000000000000e+01,8.000000000000000000e+01,0.000000000000000000e+00,8.900000000000000000e+01
8.000000000000000000e+01,1.930000000000000000e+02,8.000000000000000000e+01,8.000000000000000000e+01,0.000000000000000000e+00,8.900000000000000000e+01
8.000000000000000000e+01,1.940000000000000000e+02,8.000000000000000000e+01,8.000000000000000000e+01,0.000000000000000000e+00,8.900000000000000000e+01
8.000000000000000000e+01,1.950000000000000000e+02,8.000000000000000000e+01,8.000000000000000000e+01,0.000000000000000000e+00,8.900000000000000000e+01
8.000000000000000000e+01,1.960000000000000000e+02,8.000000000000000000e+01,8.000000000000000000e+01,0.000000000000000000e+00,8.900000000000000000e+01
8.000000000000000000e+01,1.970000000000000000e+02,8.000000000000000000e+01,8.000000000000000000e+01,0.000000000000000000e+00,8.900000000000000000e+01
8.000000000000000000e+01,1.980000000000000000e+02,8.000000000000000000e+01,8.000000000000000000e+01,0.000000000000000000e+00,8.900000000000000000e+01
8.000000000000000000e+01,1.990000000000000000e+02,8.000000000000000000e+01,8.000000000000000000e+01,0.000000000000000000e+00,8.900000000000000000e+01
8.000000000000000000e+01,2.000000000000000000e+02,8.000000000000000000e+01,8.000000000000000000e+01,0.000000000000000000e+00,8.900000000000000000e+01
8.000000000000000000e+01,2.010000000000000000e+02,8.000000000000000000e+01,8.000000000000000000e+01,0.000000000000000000e+00,8.900000000000000000e+01
8.000000000000000000e+01,2.020000000000000000e+02,8.000000000000000000e+01,8.000000000000000000e+01,0.000000000000000000e+00,8.900000000000000000e+01
8.000000000000000000e+01,2.030000000000000000e+02,8.000000000000000000e+01,8.000000000000000000e+01,0.000000000000000000e+00,8.900000000000000000e+01
8.000000000000000000e+01,2.040000000000000000e+02,8.000000000000000000e+01,8.000000000000000000e+01,0.000000000000000000e+00,8.900000000000000000e+01
8.000000000000000000e+01,2.050000000000000000e+02,8.000000000000000000e+01,8.000000000000000000e+01,0.000000000000000000e+00,8.900000000000000000e+01
8.000000000000000000e+01,2.060000000000000000e+02,8.000000000000000000e+01,8.000000000000000000e+01,0.000000000000000000e+00,8.900000000000000000e+01
8.000000000000000000e+01,2.070000000000000000e+02,8.000000000000000000e+01,8.000000000000000000e+01,0.000000000000000000e+00,8.900000000000000000e+01
8.000000000000000000e+01,2.080000000000000000e+02,8.000000000000000000e+01,8.000000000000000000e+01,0.000000000000000000e+00,8.900000000000000000e+01
8.000000000000000000e+01,2.090000000000000000e+02,8.000000000000000000e+01,8.000000000000000000e+01,0.000000000000000000e+00,8.900000000000000000e+01
8.000000000000000000e+01,2.100000000000000000e+02,8.000000000000000000e+01,8.000000000000000000e+01,0.000000000000000000e+00,8.900000000000000000e+01
8.000000000000000000e+01,2.110000000000000000e+02,8.000000000000000000e+01,8.000000000000000000e+01,0.000000000000000000e+00,8.900000000000000000e+01
8.000000000000000000e+01,2.120000000000000000e+02,8.000000000000000000e+01,8.000000000000000000e+01,0.000000000000000000e+00,8.900000000000000000e+01
8.000000000000000000e+01,2.130000000000000000e+02,8.000000000000000000e+01,8.000000000000000000e+01,0.000000000000000000e+00,8.900000000000000000e+01
8.000000000000000000e+01,2.140000000000000000e+02,8.000000000000000000e+01,8.000000000000000000e+01,0.000000000000000000e+00,8.900000000000000000e+01
8.000000000000000000e+01,2.150000000000000000e+02,8.000000000000000000e+01,8.000000000000000000e+01,0.000000000000000000e+00,8.900000000000000000e+01
8.000000000000000000e+01,2.160000000000000000e+02,8.000000000000000000e+01,8.000000000000000000e+01,0.000000000000000000e+00,8.900000000000000000e+01
8.000000000000000000e+01,2.170000000000000000e+02,8.000000000000000000e+01,8.000000000000000000e+01,0.000000000000000000e+00,8.900000000000000000e+01
8.000000000000000000e+01,2.180000000000000000e+02,8.000000000000000000e+01,8.000000000000000000e+01,0.000000000000000000e+00,8.900000000000000000e+01
8.000000000000000000e+01,2.190000000000000000e+02,8.000000000000000000e+01,8.000000000000000000e+01,0.000000000000000000e+00,8.900000000000000000e+01
8.000000000000000000e+01,2.200000000000000000e+02,8.000000000000000000e+01,8.000000000000000000e+01,0.000000000000000000e+00,8.900000000000000000e+01
8.000000000000000000e+01,2.210000000000000000e+02,8.000000000000000000e+01,8.000000000000000000e+01,0.000000000000000000e+00,8.900000000000000000e+01
8.000000000000000000e+01,2.220000000000000000e+02,8.000000000000000000e+01,8.000000000000000000e+01,0.000000000000000000e+00,8.900000000000000000e+01
8.000000000000000000e+01,2.230000000000000000e+02,8.000000000000000000e+01,8.000000000000000000e+01,0.000000000000000000e+00,8.900000000000000000e+01
8.000000000000000000e+01,2.240000000000000000e+02,8.000000000000000000e+01,8.000000000000000000e+01,0.000000000000000000e+00,8.900000000000000000e+01
8.000000000000000000e+01,2.250000000000000000e+02,8.000000000000000000e+01,8.000000000000000000e+01,0.000000000000000000e+00,8.900000000000000000e+01
8.000000000000000000e+01,2.260000000000000000e+02,8.000000000000000000e+01,8.000000000000000000e+01,0.000000000000000000e+00,8.900000000000000000e+01
8.000000000000000000e+01,2.270000000000000000e+02,8.000000000000000000e+01,8.000000000000000000e+01,0.000000000000000000e+00,8.900000000000000000e+01
8.000000000000000000e+01,2.280000000000000000e+02,8.000000000000000000e+01,8.000000000000000000e+01,0.000000000000000000e+00,8.900000000000000000e+01
8.000000000000000000e+01,2.290000000000000000e+02,8.000000000000000000e+01,8.000000000000000000e+01,0.000000000000000000e+00,8.900000000000000000e+01
8.000000000000000000e+01,2.300000000000000000e+02,8.000000000000000000e+01,8.000000000000000000e+01,0.000000000000000000e+00,8.900000000000000000e+01
8.000000000000000000e+01,2.310000000000000000e+02,8.000000000000000000e+01,8.000000000000000000e+01,0.000000000000000000e+00,8.900000000000000000e+01
8.000000000000000000e+01,2.320000000000000000e+02,8.000000000000000000e+01,8.000000000000000000e+01,0.000000000000000000e+00,8.900000000000000000e+01
8.000000000000000000e+01,2.330000000000000000e+02,8.000000000000000000e+01,8.000000000000000000e+01,0.000000000000000000e+00,8.900000000000000000e+01
8.000000000000000000e+01,2.340000000000000000e+02,8.000000000000000000e+01,8.000000000000000000e+01,0.000000000000000000e+00,8.900000000000000000e+01
8.000000000000000000e+01,2.350000000000000000e+02,8.000000000000000000e+01,8.000000000000000000e+01,0.000000000000000000e+00,8.900000000000000000e+01
8.000000000000000000e+01,2.360000000000000000e+02,8.000000000000000000e+01,8.000000000000000000e+01,0.000000000000000000e+00,8.900000000000000000e+01
8.000000000000000000e+01,2.370000000000000000e+02,8.000000000000000000e+01,8.000000000000000000e+01,0.000000000000000000e+00,8.900000000000000000e+01
8.000000000000000000e+01,2.380000000000000000e+02,8.000000000000000000e+01,8.000000000000000000e+01,0.000000000000000000e+00,8.900000000000000000e+01
8.000000000000000000e+01,2.390000000000000000e+02,8.000000000000000000e+01,8.000000000000000000e+01,0.000000000000000000e+00,8.900000000000000000e+01
8.000000000000000000e+01,2.400000000000000000e+02,8.000000000000000000e+01,8.000000000000000000e+01,0.000000000000000000e+00,8.900000000000000000e+01
8.000000000000000000e+01,2.410000000000000000e+02,8.000000000000000000e+01,8.000000000000000000e+01,0.000000000000000000e+00,8.900000000000000000e+01
8.000000000000000000e+01,2.420000000000000000e+02,8.000000000000000000e+01,8.000000000000000000e+01,0.000000000000000000e+00,8.900000000000000000e+01
8.000000000000000000e+01,2.430000000000000000e+02,8.000000000000000000e+01,8.000000000000000000e+01,0.000000000000000000e+00,8.900000000000000000e+01
8.000000000000000000e+01,2.440000000000000000e+02,8.000000000000000000e+01,8.000000000000000000e+01,0.000000000000000000e+00,8.900000000000000000e+01
8.000000000000000000e+01,2.450000000000000000e+02,8.000000000000000000e+01,8.000000000000000000e+01,0.000000000000000000e+00,8.900000000000000000e+01
8.000000000000000000e+01,2.460000000000000000e+02,8.000000000000000000e+01,8.000000000000000000e+01,0.000000000000000000e+00,8.900000000000000000e+01
8.000000000000000000e+01,2.470000000000000000e+02,8.000000000000000000e+01,8.000000000000000000e+01,0.000000000000000000e+00,8.900000000000000000e+01
8.000000000000000000e+01,2.480000000000000000e+02,8.000000000000000000e+01,8.000000000000000000e+01,0.000000000000000000e+00,8.900000000000000000e+01
8.000000000000000000e+01,2.490000000000000000e+02,8.000000000000000000e+01,8.000000000000000000e+01,0.000000000000000000e+00,8.900000000000000000e+01
8.000000000000000000e+01,2.500000000000000000e+02,8.000000000000000000e+01,8.000000000000000000e+01,0.000000000000000000e+00,8.900000000000000000e+01
8.000000000000000000e+01,2.510000000000000000e+02,8.000000000000000000e+01,8.000000000000000000e+01,0.000000000000000000e+00,8.900000000000000000e+01
8.000000000000000000e+01,2.520000000000000000e+02,8.000000000000000000e+01,8.000000000000000000e+01,0.000000000000000000e+00,8.900000000000000000e+01
8.000000000000000000e+01,2.530000000000000000e+02,8.000000000000000000e+01,8.000000000000000000e+01,0.000000000000000000e+00,8.900000000000000000e+01
8.000000000000000000e+01,2.540000000000000000e+02,8.000000000000000000e+01,8.000000000000000000e+01,0.000000000000000000e+00,8.900000000000000000e+01
8.000000000000000000e+01,2.550000000000000000e+02,8.000000000000000000e+01,8.000000000000000000e+01,0.000000000000000000e+00,8.900000000000000000e+01
8.000000000000000000e+01,2.560000000000000000e+02,8.000000000000000000e+01,8.000000000000000000e+01,0.000000000000000000e+00,8.900000000000000000e+01
8.000000000000000000e+01,2.570000000000000000e+02,8.000000000000000000e+01,8.000000000000000000e+01,0.000000000000000000e+00,8.900000000000000000e+01
8.000000000000000000e+01,2.580000000000000000e+02,8.000000000000000000e+01,8.000000000000000000e+01,0.000000000000000000e+00,8.900000000000000000e+01
8.000000000000000000e+01,2.590000000000000000e+02,8.000000000000000000e+01,8.000000000000000000e+01,0.000000000000000000e+00,8.900000000000000000e+01
8.000000000000000000e+01,2.600000000000000000e+02,8.000000000000000000e+01,8.000000000000000000e+01,0.000000000000000000e+00,8.900000000000000000e+01
8.000000000000000000e+01,2.610000000000000000e+02,8.000000000000000000e+01,8.000000000000000000e+01,0.000000000000000000e+00,8.900000000000000000e+01
8.000000000000000000e+01,2.620000000000000000e+02,8.000000000000000000e+01,8.000000000000000000e+01,0.000000000000000000e+00,8.900000000000000000e+01
8.000000000000000000e+01,2.630000000000000000e+02,8.000000000000000000e+01,8.000000000000000000e+01,0.000000000000000000e+00,8.900000000000000000e+01
8.000000000000000000e+01,2.640000000000000000e+02,8.000000000000000000e+01,8.000000000000000000e+01,0.000000000000000000e+00,8.900000000000000000e+01
8.000000000000000000e+01,2.650000000000000000e+02,8.000000000000000000e+01,8.000000000000000000e+01,0.000000000000000000e+00,8.900000000000000000e+01
8.000000000000000000e+01,2.660000000000000000e+02,8.000000000000000000e+01,8.000000000000000000e+01,0.000000000000000000e+00,8.900000000000000000e+01
8.000000000000000000e+01,2.670000000000000000e+02,8.000000000000000000e+01,8.000000000000000000e+01,0.000000000000000000e+00,8.900000000000000000e+01
8.000000000000000000e+01,2.680000000000000000e+02,8.000000000000000000e+01,8.000000000000000000e+01,0.000000000000000000e+00,8.900000000000000000e+01
8.000000000000000000e+01,2.690000000000000000e+02,8.000000000000000000e+01,8.000000000000000000e+01,0.000000000000000000e+00,8.900000000000000000e+01
8.000000000000000000e+01,2.700000000000000000e+02,8.000000000000000000e+01,8.000000000000000000e+01,0.000000000000000000e+00,8.900000000000000000e+01
8.000000000000000000e+01,2.710000000000000000e+02,8.000000000000000000e+01,8.000000000000000000e+01,0.000000000000000000e+00,8.900000000000000000e+01
8.000000000000000000e+01,2.720000000000000000e+02,8.000000000000000000e+01,8.000000000000000000e+01,0.000000000000000000e+00,8.900000000000000000e+01
8.000000000000000000e+01,2.730000000000000000e+02,8.000000000000000000e+01,8.000000000000000000e+01,0.000000000000000000e+00,8.900000000000000000e+01
8.000000000000000000e+01,2.740000000000000000e+02,8.000000000000000000e+01,8.000000000000000000e+01,0.000000000000000000e+00,8.900000000000000000e+01
8.000000000000000000e+01,2.750000000000000000e+02,8.000000000000000000e+01,8.000000000000000000e+01,0.000000000000000000e+00,8.900000000000000000e+01
8.000000000000000000e+01,2.760000000000000000e+02,8.000000000000000000e+01,8.000000000000000000e+01,0.000000000000000000e+00,8.900000000000000000e+01
8.000000000000000000e+01,2.770000000000000000e+02,8.000000000000000000e+01,8.000000000000000000e+01,0.000000000000000000e+00,8.900000000000000000e+01
8.000000000000000000e+01,2.780000000000000000e+02,8.000000000000000000e+01,8.000000000000000000e+01,0.000000000000000000e+00,8.900000000000000000e+01
8.000000000000000000e+01,2.790000000000000000e+02,8.000000000000000000e+01,8.000000000000000000e+01,0.000000000000000000e+00,8.900000000000000000e+01
8.000000000000000000e+01,2.800000000000000000e+02,8.000000000000000000e+01,8.000000000000000000e+01,0.000000000000000000e+00,8.900000000000000000e+01
8.000000000000000000e+01,2.810000000000000000e+02,8.000000000000000000e+01,8.000000000000000000e+01,0.000000000000000000e+00,8.900000000000000000e+01
8.000000000000000000e+01,2.820000000000000000e+02,8.000000000000000000e+01,8.000000000000000000e+01,0.000000000000000000e+00,8.900000000000000000e+01
8.000000000000000000e+01,2.830000000000000000e+02,8.000000000000000000e+01,8.000000000000000000e+01,0.000000000000000000e+00,8.900000000000000000e+01
8.000000000000000000e+01,2.840000000000000000e+02,8.000000000000000000e+01,8.000000000000000000e+01,0.000000000000000000e+00,8.900000000000000000e+01
8.000000000000000000e+01,2.850000000000000000e+02,8.000000000000000000e+01,8.000000000000000000e+01,0.000000000000000000e+00,8.900000000000000000e+01
8.000000000000000000e+01,2.860000000000000000e+02,8.000000000000000000e+01,8.000000000000000000e+01,0.000000000000000000e+00,8.900000000000000000e+01
8.000000000000000000e+01,2.870000000000000000e+02,8.000000000000000000e+01,8.000000000000000000e+01,0.000000000000000000e+00,8.900000000000000000e+01
8.000000000000000000e+01,2.880000000000000000e+02,8.000000000000000000e+01,8.000000000000000000e+01,0.000000000000000000e+00,8.900000000000000000e+01
8.000000000000000000e+01,2.890000000000000000e+02,8.000000000000000000e+01,8.000000000000000000e+01,0.000000000000000000e+00,8.900000000000000000e+01
8.000000000000000000e+01,2.900000000000000000e+02,8.000000000000000000e+01,8.000000000000000000e+01,0.000000000000000000e+00,8.900000000000000000e+01
8.000000000000000000e+01,2.910000000000000000e+02,8.000000000000000000e+01,8.000000000000000000e+01,0.000000000000000000e+00,8.900000000000000000e+01
8.000000000000000000e+01,2.920000000000000000e+02,8.000000000000000000e+01,8.000000000000000000e+01,0.000000000000000000e+00,8.900000000000000000e+01
8.000000000000000000e+01,2.930000000000000000e+02,8.000000000000000000e+01,8.000000000000000000e+01,0.000000000000000000e+00,8.900000000000000000e+01
8.000000000000000000e+01,2.940000000000000000e+02,8.000000000000000000e+01,8.000000000000000000e+01,0.000000000000000000e+00,8.900000000000000000e+01
8.000000000000000000e+01,2.950000000000000000e+02,8.000000000000000000e+01,8.000000000000000000e+01,0.000000000000000000e+00,8.900000000000000000e+01
8.000000000000000000e+01,2.960000000000000000e+02,8.000000000000000000e+01,8.000000000000000000e+01,0.000000000000000000e+00,8.900000000000000000e+01
8.000000000000000000e+01,2.970000000000000000e+02,8.000000000000000000e+01,8.000000000000000000e+01,0.000000000000000000e+00,8.900000000000000000e+01
8.000000000000000000e+01,2.980000000000000000e+02,8.000000000000000000e+01,8.000000000000000000e+01,0.000000000000000000e+00,8.900000000000000000e+01
8.000000000000000000e+01,2.990000000000000000e+02,8.000000000000000000e+01,8.000000000000000000e+01,0.000000000000000000e+00,8.900000000000000000e+01
8.000000000000000000e+01,3.000000000000000000e+02,8.000000000000000000e+01,8.000000000000000000e+01,0.000000000000000000e+00,8.900000000000000000e+01
8.000000000000000000e+01,3.010000000000000000e+02,8.000000000000000000e+01,8.000000000000000000e+01,0.000000000000000000e+00,8.900000000000000000e+01
8.000000000000000000e+01,3.020000000000000000e+02,8.000000000000000000e+01,8.000000000000000000e+01,0.000000000000000000e+00,8.900000000000000000e+01
8.000000000000000000e+01,3.030000000000000000e+02,8.000000000000000000e+01,8.000000000000000000e+01,0.000000000000000000e+00,8.900000000000000000e+01
8.000000000000000000e+01,3.040000000000000000e+02,8.000000000000000000e+01,8.000000000000000000e+01,0.000000000000000000e+00,8.900000000000000000e+01
8.000000000000000000e+01,3.050000000000000000e+02,8.000000000000000000e+01,8.000000000000000000e+01,0.000000000000000000e+00,8.900000000000000000e+01
8.000000000000000000e+01,3.060000000000000000e+02,8.000000000000000000e+01,8.000000000000000000e+01,0.000000000000000000e+00,8.900000000000000000e+01
8.000000000000000000e+01,3.070000000000000000e+02,8.000000000000000000e+01,8.000000000000000000e+01,0.000000000000000000e+00,8.900000000000000000e+01
8.000000000000000000e+01,3.080000000000000000e+02,8.000000000000000000e+01,8.000000000000000000e+01,0.000000000000000000e+00,8.900000000000000000e+01
8.000000000000000000e+01,3.090000000000000000e+02,8.000000000000000000e+01,8.000000000000000000e+01,0.000000000000000000e+00,8.900000000000000000e+01
8.000000000000000000e+01,3.100000000000000000e+02,8.000000000000000000e+01,8.000000000000000000e+01,0.000000000000000000e+00,8.900000000000000000e+01
8.000000000000000000e+01,3.110000000000000000e+02,8.000000000000000000e+01,8.000000000000000000e+01,0.000000000000000000e+00,8.900000000000000000e+01
8.000000000000000000e+01,3.120000000000000000e+02,8.000000000000000000e+01,8.000000000000000000e+01,0.000000000000000000e+00,8.900000000000000000e+01
8.000000000000000000e+01,3.130000000000000000e+02,8.000000000000000000e+01,8.000000000000000000e+01,0.000000000000000000e+00,8.900000000000000000e+01
8.000000000000000000e+01,3.140000000000000000e+02,8.000000000000000000e+01,8.000000000000000000e+01,0.000000000000000000e+00,8.900000000000000000e+01
8.000000000000000000e+01,3.150000000000000000e+02,8.000000000000000000e+01,8.000000000000000000e+01,0.000000000000000000e+00,8.900000000000000000e+01
8.000000000000000000e+01,3.160000000000000000e+02,8.000000000000000000e+01,8.000000000000000000e+01,0.000000000000000000e+00,8.900000000000000000e+01
8.000000000000000000e+01,3.170000000000000000e+02,8.000000000000000000e+01,8.000000000000000000e+01,0.000000000000000000e+00,8.900000000000000000e+01
8.000000000000000000e+01,3.180000000000000000e+02,8.000000000000000000e+01,8.000000000000000000e+01,0.000000000000000000e+00,8.900000000000000000e+01
8.000000000000000000e+01,3.190000000000000000e+02,8.000000000000000000e+01,8.000000000000000000e+01,0.000000000000000000e+00,8.900000000000000000e+01
8.000000000000000000e+01,3.200000000000000000e+02,8.000000000000000000e+01,8.000000000000000000e+01,0.000000000000000000e+00,8.900000000000000000e+01
8.000000000000000000e+01,3.210000000000000000e+02,8.000000000000000000e+01,8.000000000000000000e+01,0.000000000000000000e+00,8.900000000000000000e+01
8.000000000000000000e+01,3.220000000000000000e+02,8.000000000000000000e+01,8.000000000000000000e+01,0.000000000000000000e+00,8.900000000000000000e+01
8.000000000000000000e+01,3.230000000000000000e+02,8.000000000000000000e+01,8.000000000000000000e+01,0.000000000000000000e+00,8.900000000000000000e+01
8.000000000000000000e+01,3.240000000000000000e+02,8.000000000000000000e+01,8.000000000000000000e+01,0.000000000000000000e+00,8.900000000000000000e+01
8.000000000000000000e+01,3.250000000000000000e+02,8.000000000000000000e+01,8.000000000000000000e+01,0.000000000000000000e+00,8.900000000000000000e+01
8.000000000000000000e+01,3.260000000000000000e+02,8.000000000000000000e+01,8.000000000000000000e+01,0.000000000000000000e+00,8.900000000000000000e+01
8.000000000000000000e+01,3.270000000000000000e+02,8.000000000000000000e+01,8.000000000000000000e+01,0.000000000000000000e+00,8.900000000000000000e+01
8.000000000000000000e+01,3.280000000000000000e+02,8.000000000000000000e+01,8.000000000000000000e+01,0.000000000000000000e+00,8.900000000000000000e+01
8.000000000000000000e+01,3.290000000000000000e+02,8.000000000000000000e+01,8.000000000000000000e+01,0.000000000000000000e+00,8.900000000000000000e+01
8.000000000000000000e+01,3.300000000000000000e+02,8.000000000000000000e+01,8.000000000000000000e+01,0.000000000000000000e+00,8.900000000000000000e+01
8.000000000000000000e+01,3.310000000000000000e+02,8.000000000000000000e+01,8.000000000000000000e+01,0.000000000000000000e+00,8.900000000000000000e+01
8.000000000000000000e+01,3.320000000000000000e+02,8.000000000000000000e+01,8.000000000000000000e+01,0.000000000000000000e+00,8.900000000000000000e+01
8.000000000000000000e+01,3.330000000000000000e+02,8.000000000000000000e+01,8.000000000000000000e+01,0.000000000000000000e+00,8.900000000000000000e+01
8.000000000000000000e+01,3.340000000000000000e+02,8.000000000000000000e+01,8.000000000000000000e+01,0.000000000000000000e+00,8.900000000000000000e+01
8.000000000000000000e+01,3.350000000000000000e+02,8.000000000000000000e+01,8.000000000000000000e+01,0.000000000000000000e+00,8.900000000000000000e+01
8.000000000000000000e+01,3.360000000000000000e+02,8.000000000000000000e+01,8.000000000000000000e+01,0.000000000000000000e+00,8.900000000000000000e+01
8.000000000000000000e+01,3.370000000000000000e+02,8.000000000000000000e+01,8.000000000000000000e+01,0.000000000000000000e+00,8.900000000000000000e+01
8.000000000000000000e+01,3.380000000000000000e+02,8.000000000000000000e+01,8.000000000000000000e+01,0.000000000000000000e+00,8.900000000000000000e+01
8.000000000000000000e+01,3.390000000000000000e+02,8.000000000000000000e+01,8.000000000000000000e+01,0.000000000000000000e+00,8.900000000000000000e+01
8.000000000000000000e+01,3.400000000000000000e+02,8.000000000000000000e+01,8.000000000000000000e+01,0.000000000000000000e+00,8.900000000000000000e+01
8.000000000000000000e+01,3.410000000000000000e+02,8.000000000000000000e+01,8.000000000000000000e+01,0.000000000000000000e+00,8.900000000000000000e+01
8.000000000000000000e+01,3.420000000000000000e+02,8.000000000000000000e+01,8.000000000000000000e+01,0.000000000000000000e+00,8.900000000000000000e+01
8.000000000000000000e+01,3.430000000000000000e+02,8.000000000000000000e+01,8.000000000000000000e+01,0.000000000000000000e+00,8.900000000000000000e+01
8.000000000000000000e+01,3.440000000000000000e+02,8.000000000000000000e+01,8.000000000000000000e+01,0.000000000000000000e+00,8.900000000000000000e+01
8.000000000000000000e+01,3.450000000000000000e+02,8.000000000000000000e+01,8.000000000000000000e+01,0.000000000000000000e+00,8.900000000000000000e+01
8.000000000000000000e+01,3.460000000000000000e+02,8.000000000000000000e+01,8.000000000000000000e+01,0.000000000000000000e+00,8.900000000000000000e+01
8.000000000000000000e+01,3.470000000000000000e+02,8.000000000000000000e+01,8.000000000000000000e+01,0.000000000000000000e+00,8.900000000000000000e+01
8.000000000000000000e+01,3.480000000000000000e+02,8.000000000000000000e+01,8.000000000000000000e+01,0.000000000000000000e+00,8.900000000000000000e+01
8.000000000000000000e+01,3.490000000000000000e+02,8.000000000000000000e+01,8.000000000000000000e+01,0.000000000000000000e+00,8.900000000000000000e+01
8.000000000000000000e+01,3.500000000000000000e+02,8.000000000000000000e+01,8.000000000000000000e+01,0.000000000000000000e+00,8.900000000000000000e+01
8.000000000000000000e+01,3.510000000000000000e+02,8.000000000000000000e+01,8.000000000000000000e+01,0.000000000000000000e+00,8.900000000000000000e+01
8.000000000000000000e+01,3.520000000000000000e+02,8.000000000000000000e+01,8.000000000000000000e+01,0.000000000000000000e+00,8.900000000000000000e+01
8.000000000000000000e+01,3.530000000000000000e+02,8.000000000000000000e+01,8.000000000000000000e+01,0.000000000000000000e+00,8.900000000000000000e+01
8.000000000000000000e+01,3.540000000000000000e+02,8.000000000000000000e+01,8.000000000000000000e+01,0.000000000000000000e+00,8.900000000000000000e+01
8.000000000000000000e+01,3.550000000000000000e+02,8.000000000000000000e+01,8.000000000000000000e+01,0.000000000000000000e+00,8.900000000000000000e+01
8.000000000000000000e+01,3.560000000000000000e+02,8.000000000000000000e+01,8.000000000000000000e+01,0.000000000000000000e+00,8.900000000000000000e+01
8.000000000000000000e+01,3.570000000000000000e+02,8.000000000000000000e+01,8.000000000000000000e+01,0.000000000000000000e+00,8.900000000000000000e+01
8.000000000000000000e+01,3.580000000000000000e+02,8.000000000000000000e+01,8.000000000000000000e+01,0.000000000000000000e+00,8.900000000000000000e+01
8.000000000000000000e+01,3.590000000000000000e+02,8.000000000000000000e+01,8.000000000000000000e+01,0.000000000000000000e+00,8.900000000000000000e+01
8.000000000000000000e+01,3.600000000000000000e+02,8.000000000000000000e+01,8.000000000000000000e+01,0.000000000000000000e+00,8.900000000000000000e+01
8.000000000000000000e+01,3.610000000000000000e+02,8.000000000000000000e+01,8.000000000000000000e+01,0.000000000000000000e+00,8.900000000000000000e+01
8.000000000000000000e+01,3.620000000000000000e+02,8.000000000000000000e+01,8.000000000000000000e+01,0.000000000000000000e+00,8.900000000000000000e+01
8.000000000000000000e+01,3.630000000000000000e+02,8.000000000000000000e+01,8.000000000000000000e+01,0.000000000000000000e+00,8.900000000000000000e+01
8.000000000000000000e+01,3.640000000000000000e+02,8.000000000000000000e+01,8.000000000000000000e+01,0.000000000000000000e+00,8.900000000000000000e+01
8.000000000000000000e+01,3.650000000000000000e+02,8.000000000000000000e+01,8.000000000000000000e+01,0.000000000000000000e+00,8.900000000000000000e+01
8.000000000000000000e+01,3.660000000000000000e+02,8.000000000000000000e+01,8.000000000000000000e+01,0.000000000000000000e+00,8.900000000000000000e+01
8.000000000000000000e+01,3.670000000000000000e+02,8.000000000000000000e+01,8.000000000000000000e+01,0.000000000000000000e+00,8.900000000000000000e+01
8.000000000000000000e+01,3.680000000000000000e+02,8.000000000000000000e+01,8.000000000000000000e+01,0.000000000000000000e+00,8.900000000000000000e+01
8.000000000000000000e+01,3.690000000000000000e+02,8.000000000000000000e+01,8.000000000000000000e+01,0.000000000000000000e+00,8.900000000000000000e+01
8.000000000000000000e+01,3.700000000000000000e+02,8.000000000000000000e+01,8.000000000000000000e+01,0.000000000000000000e+00,8.900000000000000000e+01
8.000000000000000000e+01,3.710000000000000000e+02,8.000000000000000000e+01,8.000000000000000000e+01,0.000000000000000000e+00,8.900000000000000000e+01
8.000000000000000000e+01,3.720000000000000000e+02,8.000000000000000000e+01,8.000000000000000000e+01,0.000000000000000000e+00,8.900000000000000000e+01
8.000000000000000000e+01,3.730000000000000000e+02,8.000000000000000000e+01,8.000000000000000000e+01,0.000000000000000000e+00,8.900000000000000000e+01
8.000000000000000000e+01,3.740000000000000000e+02,8.000000000000000000e+01,8.000000000000000000e+01,0.000000000000000000e+00,8.900000000000000000e+01
