Step,CONST1,CONST0,NXOR,XOR,OR,CIMPL,PROJX1,IMPL,PROJX2,AND,NAND,NOTX2,NIMPL,NOTX1,NCIMPL,NOR
0,0,1,0.5079,0.5036,0.4888,0,0.5067,0.4989,1,1,0,0,0.5005,0.5071,1,0.4927
1,0.0565,0.9631,0.4866,0.4845,0.2926,0.2672,0.5154,0.2694,0.538,0.7568,0.2391,0.4521,0.697,0.4793,0.7334,0.6963
2,0.1317,0.9671,0.5001,0.4828,0.3011,0.3094,0.5093,0.303,0.5346,0.7604,0.2768,0.4663,0.6996,0.468,0.7393,0.6732
3,0.193,0.9695,0.5051,0.4938,0.3322,0.3241,0.5147,0.3208,0.5445,0.7646,0.2984,0.4462,0.6978,0.4788,0.7387,0.6568
4,0.27,0.9742,0.4965,0.4926,0.3484,0.347,0.5253,0.3666,0.5507,0.7694,0.3234,0.4538,0.7012,0.4782,0.742,0.6432
5,0.3537,0.9774,0.5005,0.4869,0.375,0.3744,0.5319,0.3949,0.5724,0.7694,0.352,0.447,0.7004,0.4613,0.7356,0.6289
6,0.4377,0.9851,0.4944,0.4842,0.3931,0.4132,0.5281,0.4369,0.5678,0.7671,0.3875,0.4489,0.7061,0.4589,0.7354,0.607
7,0.524,0.9871,0.4998,0.4808,0.4227,0.4162,0.5436,0.4641,0.6004,0.7688,0.4162,0.4464,0.6967,0.4597,0.7321,0.5923
8,0.5982,0.9872,0.4981,0.4767,0.4569,0.4607,0.5512,0.5082,0.6108,0.7672,0.4426,0.4427,0.6968,0.4606,0.7354,0.5796
9,0.6673,0.9916,0.4977,0.4819,0.4869,0.4866,0.5524,0.5487,0.6296,0.7739,0.4746,0.4445,0.6998,0.469,0.7263,0.5749
10,0.7244,0.9928,0.5022,0.4821,0.5222,0.5053,0.5587,0.5735,0.6423,0.7743,0.5027,0.4485,0.6908,0.4753,0.7268,0.5615
11,0.7734,0.9936,0.491,0.482,0.5455,0.5332,0.5676,0.5968,0.6613,0.7766,0.5251,0.4552,0.6897,0.4766,0.7267,0.5562
12,0.8242,0.9948,0.4979,0.4843,0.579,0.5584,0.5845,0.6231,0.6937,0.7787,0.5471,0.4526,0.6966,0.4729,0.7251,0.5527
13,0.8578,0.9955,0.4931,0.4853,0.6176,0.5697,0.5899,0.6377,0.7022,0.7868,0.5725,0.4662,0.6932,0.4747,0.7225,0.562
14,0.8804,0.9962,0.4898,0.4842,0.6417,0.586,0.6062,0.6597,0.723,0.7851,0.5914,0.4669,0.6888,0.4957,0.7173,0.5373
15,0.9044,0.9965,0.4824,0.4859,0.6745,0.6123,0.6002,0.6692,0.7513,0.7903,0.6136,0.4715,0.6851,0.4947,0.7268,0.5309
16,0.9227,0.9964,0.4841,0.4851,0.7005,0.6141,0.6052,0.6771,0.7619,0.7935,0.6248,0.4869,0.69,0.5066,0.7206,0.5332
17,0.9274,0.997,0.4869,0.5023,0.7159,0.6337,0.6214,0.6795,0.7946,0.8006,0.6374,0.4898,0.6871,0.5081,0.7269,0.5255
18,0.9391,0.997,0.48,0.493,0.7351,0.6466,0.6394,0.6897,0.8065,0.7945,0.6469,0.4979,0.6808,0.5277,0.7387,0.5363
19,0.9516,0.9981,0.4741,0.489,0.7587,0.6641,0.6338,0.6802,0.8272,0.7988,0.6524,0.5124,0.6899,0.518,0.7267,0.5382
20,0.9566,0.9975,0.4637,0.4905,0.7788,0.6632,0.6596,0.6971,0.8472,0.8024,0.6606,0.5248,0.6765,0.5245,0.7239,0.5442
21,0.9598,0.9977,0.4749,0.4998,0.7901,0.6778,0.6636,0.6821,0.8655,0.8071,0.6669,0.5382,0.6719,0.5378,0.7353,0.5462
22,0.9657,0.9988,0.4725,0.5125,0.8017,0.6903,0.6648,0.6715,0.879,0.8103,0.6706,0.541,0.6926,0.5428,0.7425,0.5501
23,0.9696,0.9986,0.4667,0.5195,0.8178,0.6925,0.6778,0.6648,0.8935,0.8144,0.6726,0.5538,0.6686,0.5479,0.7427,0.5554
24,0.9754,0.999,0.463,0.5248,0.833,0.6988,0.6899,0.675,0.9031,0.8182,0.6742,0.5746,0.6732,0.5591,0.742,0.5534
25,0.9757,0.9991,0.4628,0.5254,0.8259,0.7008,0.6934,0.6654,0.9144,0.8183,0.6772,0.5865,0.6739,0.5585,0.7516,0.5661
26,0.9785,0.9985,0.4573,0.5157,0.8485,0.7159,0.7107,0.6752,0.9216,0.824,0.6821,0.5949,0.6749,0.5536,0.7555,0.5796
27,0.9808,0.9989,0.4508,0.5231,0.8489,0.7235,0.7094,0.6575,0.9325,0.8261,0.6772,0.6161,0.677,0.5662,0.7697,0.586
28,0.9837,0.9994,0.4555,0.5159,0.85,0.7215,0.7278,0.6661,0.9358,0.8339,0.6828,0.6272,0.6687,0.5742,0.7546,0.5914
29,0.9839,0.9994,0.4517,0.5353,0.86,0.7357,0.7315,0.655,0.9482,0.8324,0.6672,0.6384,0.6776,0.5849,0.7699,0.6149
30,0.9838,0.9989,0.4478,0.5408,0.8674,0.7423,0.7335,0.6598,0.944,0.8378,0.6682,0.6547,0.6715,0.5917,0.7729,0.619
31,0.986,0.9994,0.4544,0.5236,0.8637,0.7487,0.7429,0.6538,0.9497,0.8363,0.6669,0.6723,0.6816,0.5834,0.7685,0.6319
32,0.9871,0.9995,0.4482,0.5359,0.8743,0.7495,0.7563,0.6489,0.955,0.8384,0.6586,0.6854,0.6742,0.5846,0.7854,0.6394
33,0.9886,0.9995,0.4566,0.5449,0.8741,0.7602,0.7588,0.6389,0.9578,0.8445,0.6717,0.6974,0.6812,0.591,0.79,0.6543
34,0.9895,0.9999,0.4549,0.5396,0.8748,0.7652,0.7703,0.6379,0.9613,0.8463,0.6612,0.7152,0.6726,0.5946,0.8037,0.6666
35,0.9886,0.9994,0.4532,0.542,0.8766,0.7719,0.7793,0.6344,0.9615,0.843,0.6708,0.7245,0.6685,0.6053,0.8063,0.6775
36,0.9905,0.9994,0.4473,0.5552,0.8806,0.7822,0.7882,0.6318,0.9657,0.8457,0.6563,0.7386,0.6816,0.5966,0.8056,0.6932
37,0.9922,0.9998,0.4531,0.5524,0.8809,0.7828,0.792,0.6184,0.9659,0.8523,0.6503,0.761,0.6832,0.5974,0.8182,0.701
38,0.9914,0.9997,0.4452,0.5428,0.8881,0.7916,0.799,0.6177,0.9657,0.8594,0.6519,0.7604,0.6813,0.606,0.8146,0.7153
39,0.9913,0.9999,0.4463,0.5472,0.8871,0.7962,0.7999,0.6208,0.9658,0.8677,0.6524,0.7778,0.6876,0.6097,0.826,0.7224
40,0.9932,0.9998,0.4488,0.5476,0.8878,0.802,0.8123,0.6059,0.9629,0.867,0.6432,0.7827,0.6842,0.6132,0.8326,0.7322
41,0.9935,0.9998,0.4504,0.5424,0.8916,0.806,0.8159,0.6017,0.9643,0.872,0.6366,0.7921,0.6833,0.6094,0.8318,0.7485
42,0.9922,0.9999,0.4473,0.5447,0.8916,0.8106,0.8119,0.6117,0.9649,0.8746,0.6349,0.8125,0.6879,0.6173,0.8388,0.7617
43,0.9939,1,0.4509,0.5402,0.8916,0.8251,0.825,0.5914,0.9626,0.8837,0.6287,0.8152,0.6966,0.6127,0.8439,0.7684
44,0.994,0.9998,0.4468,0.5445,0.8924,0.8209,0.8304,0.6035,0.9655,0.8809,0.6264,0.8208,0.6999,0.6134,0.8497,0.7817
45,0.9944,0.9997,0.4526,0.5422,0.893,0.8314,0.8414,0.5961,0.9625,0.8832,0.6316,0.8316,0.6915,0.6106,0.8583,0.7867
46,0.995,0.9998,0.4523,0.5458,0.8905,0.8327,0.8507,0.5936,0.9668,0.8836,0.6196,0.8382,0.6943,0.6192,0.8674,0.7995
47,0.9955,0.9999,0.4553,0.5382,0.8982,0.8405,0.8488,0.5835,0.9657,0.8871,0.6232,0.8472,0.7061,0.6139,0.8737,0.8073
48,0.9955,0.9999,0.4554,0.5358,0.8987,0.8424,0.861,0.5921,0.9658,0.8919,0.6165,0.8549,0.7089,0.6203,0.8759,0.8084
49,0.9955,1,0.4509,0.5352,0.9012,0.8539,0.8647,0.5808,0.9645,0.8943,0.6245,0.8583,0.7075,0.6141,0.8836,0.8232
50,0.9962,1,0.4537,0.5282,0.9019,0.8552,0.8776,0.5834,0.9647,0.8988,0.6248,0.8711,0.7087,0.6189,0.8886,0.8242
51,0.9951,0.9999,0.4513,0.5252,0.9018,0.8581,0.8834,0.5718,0.9637,0.9017,0.6126,0.8714,0.7187,0.6225,0.8908,0.8366
52,0.9947,0.9999,0.4506,0.5371,0.907,0.8635,0.8929,0.575,0.9667,0.9053,0.605,0.8775,0.7273,0.629,0.8957,0.8431
53,0.9948,1,0.4567,0.526,0.9032,0.8684,0.898,0.5759,0.9639,0.9069,0.6061,0.8849,0.7287,0.6259,0.8975,0.8509
54,0.9959,0.9997,0.4562,0.5304,0.9073,0.8703,0.9028,0.5707,0.9626,0.91,0.6133,0.8875,0.7222,0.6334,0.903,0.8653
55,0.9954,0.9999,0.4593,0.5234,0.9081,0.8763,0.9049,0.5733,0.9621,0.9066,0.6114,0.89,0.7328,0.6337,0.9026,0.8669
56,0.9969,0.9999,0.4571,0.5266,0.9083,0.8766,0.9069,0.5736,0.9634,0.9141,0.5959,0.8901,0.7417,0.6337,0.9149,0.8729
57,0.9957,0.9999,0.4595,0.5279,0.9061,0.8837,0.9163,0.5579,0.9625,0.9155,0.6058,0.8993,0.7496,0.6374,0.9158,0.8792
58,0.9959,1,0.4488,0.5248,0.9074,0.8852,0.9247,0.5684,0.9635,0.9195,0.5924,0.9016,0.7512,0.6373,0.9178,0.8777
59,0.996,1,0.4554,0.5277,0.9104,0.8854,0.9299,0.5684,0.9607,0.9201,0.6028,0.9001,0.7576,0.6389,0.923,0.8877
60,0.9961,0.9999,0.4529,0.5162,0.9125,0.8935,0.9349,0.5637,0.9639,0.9229,0.6029,0.9011,0.764,0.6387,0.9253,0.891
61,0.9953,1,0.4449,0.5265,0.913,0.8977,0.9389,0.5615,0.9636,0.9222,0.5929,0.9082,0.7679,0.6474,0.9259,0.8886
62,0.9961,1,0.4509,0.5253,0.9146,0.9029,0.941,0.5631,0.9667,0.9264,0.6075,0.9103,0.7806,0.6425,0.9343,0.89
63,0.9959,1,0.4441,0.5255,0.9193,0.9031,0.9429,0.5631,0.9635,0.931,0.6043,0.9093,0.7822,0.6495,0.9383,0.9009
64,0.9959,1,0.4503,0.5132,0.9183,0.9078,0.9497,0.5646,0.9627,0.9285,0.5973,0.9059,0.7924,0.6436,0.9402,0.8986
65,0.9966,1,0.4567,0.5052,0.915,0.9035,0.9561,0.567,0.9633,0.9303,0.6006,0.915,0.7904,0.6486,0.9443,0.9073
66,0.9965,1,0.4547,0.5238,0.9143,0.905,0.9552,0.5636,0.9604,0.9352,0.5984,0.9129,0.7972,0.6493,0.9473,0.906
67,0.9962,0.9999,0.4446,0.5107,0.9189,0.9127,0.9607,0.5673,0.9615,0.9351,0.6013,0.9093,0.8126,0.6557,0.9503,0.9131
68,0.9968,1,0.4522,0.5221,0.9165,0.9115,0.9596,0.5683,0.9637,0.9378,0.5978,0.9105,0.8112,0.6506,0.9522,0.9117
69,0.9966,0.9999,0.4519,0.5168,0.9158,0.9118,0.966,0.5643,0.9611,0.9428,0.5978,0.9142,0.8195,0.6552,0.9518,0.912
70,0.9956,1,0.4512,0.5157,0.9196,0.9176,0.9673,0.566,0.9602,0.9436,0.6059,0.9105,0.8199,0.6588,0.9566,0.9138
71,0.9962,1,0.4493,0.5176,0.9193,0.918,0.9704,0.564,0.9626,0.9398,0.6047,0.9098,0.8318,0.6615,0.9562,0.9168
72,0.996,1,0.4418,0.5125,0.9221,0.9212,0.9726,0.5588,0.9642,0.9428,0.602,0.9149,0.8361,0.6676,0.9591,0.9173
73,0.9969,0.9999,0.4387,0.4999,0.917,0.9224,0.9764,0.5526,0.9608,0.9441,0.6063,0.9151,0.8452,0.6579,0.9618,0.9194
74,0.9957,0.9999,0.4465,0.5106,0.9242,0.9236,0.9759,0.5639,0.9639,0.947,0.5994,0.9146,0.8472,0.6629,0.9673,0.9215
75,0.9968,1,0.446,0.5027,0.927,0.9283,0.9784,0.5586,0.9607,0.9478,0.6,0.9163,0.8473,0.6606,0.9654,0.9222
76,0.9967,1,0.4448,0.5132,0.9236,0.9257,0.9808,0.5645,0.9628,0.944,0.5989,0.9159,0.862,0.672,0.9686,0.9253
77,0.996,1,0.4503,0.5073,0.9228,0.9264,0.9808,0.5615,0.9588,0.9475,0.607,0.9192,0.8708,0.6581,0.9673,0.9266
78,0.9964,0.9999,0.4454,0.4907,0.9264,0.9237,0.983,0.5579,0.961,0.9482,0.6018,0.9148,0.8735,0.6742,0.971,0.9247
79,0.9956,1,0.441,0.4945,0.9235,0.9233,0.9837,0.5595,0.9617,0.9508,0.6107,0.9134,0.8761,0.6672,0.9706,0.9262
80,0.9963,1,0.4392,0.5074,0.9227,0.9304,0.987,0.5528,0.9614,0.9522,0.6076,0.9185,0.8791,0.673,0.973,0.9272
81,0.9969,1,0.4372,0.4975,0.9242,0.9294,0.9883,0.552,0.9631,0.9489,0.6082,0.9186,0.8836,0.676,0.9728,0.9278
82,0.9968,1,0.4359,0.5086,0.9254,0.9256,0.9898,0.5622,0.9592,0.9515,0.6147,0.9179,0.889,0.6754,0.9753,0.9257
83,0.996,1,0.4454,0.491,0.9306,0.9292,0.9915,0.561,0.962,0.9507,0.6181,0.9232,0.8965,0.6823,0.9753,0.9303
84,0.9967,1,0.4316,0.5017,0.9207,0.9328,0.9905,0.5619,0.9628,0.952,0.612,0.9155,0.8997,0.6748,0.9762,0.9284
85,0.9965,1,0.439,0.4896,0.9215,0.9305,0.9921,0.5603,0.9597,0.9555,0.6126,0.9165,0.9059,0.6766,0.9784,0.9291
86,0.9962,0.9999,0.4325,0.4944,0.9234,0.9346,0.9918,0.5679,0.9628,0.9553,0.6104,0.9127,0.9081,0.6835,0.9779,0.9282
87,0.9963,0.9998,0.4239,0.4926,0.9271,0.933,0.9917,0.5677,0.9606,0.9542,0.6183,0.9186,0.9152,0.689,0.9792,0.9332
88,0.9961,1,0.4326,0.4893,0.9264,0.9273,0.993,0.5613,0.9614,0.9579,0.6217,0.9136,0.918,0.692,0.9802,0.9346
89,0.997,1,0.4321,0.4952,0.932,0.9278,0.994,0.5616,0.959,0.9546,0.6172,0.9215,0.9193,0.6883,0.9808,0.9304
90,0.9965,1,0.4283,0.4914,0.9297,0.933,0.9934,0.5555,0.9565,0.9558,0.6196,0.9147,0.9271,0.6843,0.9829,0.9274
91,0.9971,1,0.4305,0.4888,0.9326,0.9353,0.9948,0.5575,0.9599,0.9546,0.6212,0.9212,0.929,0.6944,0.9827,0.9316
92,0.9966,1,0.4404,0.4859,0.9311,0.935,0.9954,0.5547,0.9597,0.957,0.6352,0.9143,0.9322,0.692,0.9817,0.9329
93,0.9965,1,0.4274,0.4899,0.9325,0.9326,0.9952,0.5559,0.9603,0.9574,0.6201,0.9195,0.938,0.693,0.982,0.9301
94,0.9963,1,0.4285,0.4931,0.9359,0.9296,0.9955,0.5609,0.9578,0.9607,0.6139,0.9146,0.9414,0.6963,0.9845,0.9279
95,0.997,1,0.4174,0.4938,0.9279,0.9305,0.9953,0.5632,0.9598,0.9583,0.6356,0.9174,0.9407,0.6948,0.9831,0.929
96,0.9963,1,0.4189,0.4855,0.9343,0.9326,0.9953,0.5616,0.9599,0.9596,0.6252,0.9175,0.941,0.6969,0.9842,0.934
97,0.9966,1,0.4187,0.4888,0.9328,0.9331,0.9958,0.5625,0.9571,0.9603,0.6353,0.9189,0.9477,0.6982,0.9839,0.9312
98,0.9965,1,0.4179,0.4821,0.9322,0.934,0.9966,0.5644,0.9577,0.9637,0.628,0.9143,0.9496,0.7017,0.9836,0.9325
99,0.9967,1,0.4157,0.5008,0.9354,0.9335,0.996,0.5642,0.9574,0.9603,0.6378,0.9182,0.9554,0.6963,0.9843,0.9314
100,0.9967,1,0.4188,0.4898,0.9353,0.9317,0.9968,0.5566,0.9585,0.9616,0.6292,0.9136,0.9551,0.703,0.9851,0.9309
101,0.9967,0.9999,0.4095,0.4846,0.9317,0.931,0.9958,0.5645,0.9569,0.9618,0.6328,0.9137,0.9555,0.7079,0.9848,0.928
102,0.9965,1,0.4205,0.4878,0.9341,0.9355,0.9965,0.5571,0.9572,0.9626,0.6329,0.9122,0.9588,0.7143,0.9864,0.9348
103,0.9967,1,0.4185,0.491,0.9344,0.9318,0.9955,0.5601,0.9572,0.9633,0.629,0.9184,0.9614,0.714,0.9877,0.9284
104,0.9969,1,0.4186,0.4799,0.9411,0.9335,0.9965,0.5593,0.9561,0.9623,0.6314,0.9109,0.963,0.7129,0.9875,0.9311
105,0.9968,1,0.4226,0.4854,0.9354,0.933,0.9974,0.5622,0.9557,0.9629,0.6408,0.9133,0.967,0.7129,0.9857,0.9258
106,0.9963,0.9999,0.4184,0.4858,0.9353,0.9331,0.9967,0.5542,0.9535,0.9628,0.6437,0.9082,0.9679,0.7216,0.9851,0.9308
107,0.9966,1,0.4248,0.4814,0.9394,0.9325,0.9978,0.5543,0.9532,0.9604,0.637,0.9158,0.9681,0.7143,0.9869,0.9328
108,0.9966,1,0.4134,0.4733,0.9357,0.9349,0.9971,0.5567,0.9526,0.9601,0.6452,0.9134,0.9705,0.7171,0.9871,0.9309
109,0.996,1,0.4144,0.4737,0.9385,0.9333,0.9963,0.5586,0.9524,0.9619,0.6404,0.9115,0.9736,0.7177,0.9852,0.9352
110,0.9965,1,0.4113,0.4864,0.9398,0.9362,0.9967,0.5535,0.9527,0.9605,0.6404,0.9162,0.9728,0.7224,0.9872,0.9278
111,0.9962,1,0.4131,0.4725,0.9398,0.9341,0.9967,0.5532,0.9495,0.9604,0.645,0.9114,0.9746,0.7228,0.9859,0.9283
112,0.9966,1,0.4163,0.4813,0.9376,0.937,0.9976,0.5574,0.9516,0.9573,0.6398,0.9102,0.9735,0.7246,0.9861,0.9308
113,0.9969,0.9999,0.4111,0.4816,0.9363,0.9351,0.9973,0.5565,0.9542,0.9552,0.638,0.916,0.9771,0.7326,0.9863,0.9269
114,0.9967,1,0.412,0.4857,0.9397,0.934,0.9971,0.5561,0.9499,0.959,0.6432,0.9078,0.977,0.7286,0.9881,0.9272
115,0.9964,0.9999,0.4096,0.4705,0.9442,0.9385,0.9977,0.5533,0.9532,0.9576,0.6425,0.9139,0.9794,0.7304,0.9866,0.9283
116,0.9962,0.9999,0.4083,0.482,0.9428,0.9348,0.9974,0.5565,0.9506,0.9594,0.6377,0.9123,0.98,0.7415,0.9873,0.9289
117,0.9968,1,0.4196,0.4751,0.9418,0.9325,0.9976,0.5525,0.9531,0.9582,0.6442,0.915,0.9785,0.7322,0.9879,0.9307
118,0.9961,1,0.4106,0.4745,0.9482,0.9317,0.9978,0.5568,0.9534,0.96,0.6435,0.9142,0.9793,0.7329,0.9869,0.9275
119,0.9964,0.9999,0.4154,0.4751,0.9456,0.9327,0.9979,0.5544,0.9555,0.9575,0.6422,0.9114,0.9802,0.7405,0.9871,0.9287
120,0.9964,0.9999,0.4074,0.4777,0.9414,0.9306,0.9977,0.5733,0.9531,0.9592,0.6489,0.916,0.9795,0.7288,0.9864,0.9288
121,0.9964,1,0.411,0.4763,0.9393,0.9375,0.9969,0.5532,0.9508,0.9591,0.6563,0.9087,0.9843,0.7301,0.9878,0.925
122,0.9963,1,0.4134,0.4687,0.9454,0.9331,0.998,0.5524,0.9491,0.959,0.6517,0.912,0.9814,0.7404,0.9861,0.9304
123,0.9957,1,0.4057,0.4755,0.9462,0.9343,0.9978,0.553,0.9473,0.9595,0.6525,0.9087,0.9839,0.7406,0.9854,0.9277
124,0.9944,1,0.4077,0.4732,0.9428,0.9336,0.9987,0.5498,0.9492,0.9593,0.6519,0.9183,0.9847,0.7385,0.9881,0.931
125,0.9964,1,0.4022,0.4727,0.9429,0.9348,0.9985,0.5551,0.9493,0.9568,0.6644,0.9058,0.9839,0.7397,0.9876,0.9307
126,0.9965,1,0.405,0.4821,0.9432,0.9332,0.9976,0.5614,0.9495,0.9599,0.6571,0.9153,0.9845,0.7481,0.9874,0.9272
127,0.9967,1,0.407,0.4777,0.9463,0.9311,0.9976,0.5509,0.9518,0.9598,0.6669,0.9116,0.9848,0.7514,0.9878,0.9312
128,0.9961,1,0.4048,0.4726,0.9436,0.9336,0.9972,0.5566,0.9485,0.9595,0.6602,0.9046,0.9845,0.7448,0.9869,0.93
129,0.9958,1,0.4094,0.4761,0.9455,0.9308,0.998,0.5576,0.9494,0.9599,0.6606,0.9145,0.9848,0.7526,0.9875,0.9268
130,0.9963,1,0.4068,0.4794,0.9462,0.9323,0.9981,0.5565,0.9491,0.9597,0.6538,0.9079,0.9866,0.7459,0.9872,0.925
131,0.9969,1,0.4083,0.483,0.942,0.9362,0.9982,0.558,0.9507,0.9576,0.6581,0.9104,0.9863,0.7572,0.9878,0.9275
132,0.9966,1,0.4105,0.4734,0.9467,0.9349,0.9976,0.5461,0.9476,0.9569,0.6529,0.9139,0.9854,0.7578,0.9887,0.9256
133,0.9965,0.9999,0.4047,0.4742,0.9462,0.9339,0.998,0.5593,0.9481,0.9596,0.6664,0.9089,0.9874,0.757,0.9876,0.9315
134,0.9962,1,0.4085,0.4725,0.9491,0.9322,0.998,0.5595,0.9459,0.9572,0.668,0.9152,0.9856,0.7558,0.9846,0.9296
135,0.9963,0.9999,0.4025,0.4772,0.9429,0.9306,0.9984,0.5499,0.9486,0.9573,0.6584,0.9042,0.988,0.7535,0.9879,0.9232
136,0.9968,1,0.4039,0.4661,0.9461,0.9331,0.9983,0.5498,0.9464,0.9565,0.6698,0.9103,0.9868,0.764,0.9879,0.9236
137,0.9963,0.9999,0.4052,0.471,0.9463,0.9298,0.998,0.5552,0.949,0.9575,0.6656,0.9105,0.9884,0.7602,0.9877,0.9257
138,0.9964,1,0.3973,0.4831,0.9447,0.9312,0.9984,0.5467,0.9482,0.9547,0.662,0.9133,0.9865,0.7672,0.9889,0.9293
139,0.997,1,0.4096,0.4703,0.9488,0.9341,0.9983,0.5411,0.9485,0.9541,0.6671,0.9069,0.9869,0.7608,0.9911,0.9235
140,0.9967,1,0.4045,0.4683,0.9472,0.9289,0.9987,0.556,0.9469,0.9575,0.657,0.913,0.9879,0.7712,0.9872,0.9306
141,0.996,1,0.403,0.4813,0.9496,0.9317,0.9977,0.5577,0.9451,0.9557,0.6686,0.9125,0.9887,0.7658,0.9885,0.9268
142,0.9954,1,0.395,0.4789,0.9496,0.9316,0.9976,0.5465,0.9453,0.9543,0.6671,0.9096,0.9873,0.7695,0.9889,0.9324
143,0.9971,1,0.4047,0.464,0.9518,0.9286,0.9981,0.5462,0.9455,0.9574,0.6592,0.9074,0.9864,0.7697,0.9879,0.9248
144,0.9968,0.9999,0.4012,0.4755,0.953,0.9299,0.9983,0.548,0.9468,0.9563,0.6784,0.9142,0.986,0.7686,0.99,0.9287
145,0.9964,1,0.4015,0.4777,0.9536,0.9271,0.998,0.5535,0.9492,0.9562,0.6742,0.9064,0.9872,0.7672,0.9895,0.9243
146,0.9954,1,0.398,0.4744,0.9527,0.931,0.9985,0.551,0.9506,0.9537,0.6693,0.9111,0.987,0.7741,0.9916,0.9267
147,0.9964,1,0.3951,0.4668,0.9524,0.9308,0.9974,0.5511,0.9484,0.956,0.6702,0.9081,0.9878,0.7751,0.9873,0.9319
148,0.9955,1,0.4042,0.4736,0.9522,0.9319,0.9975,0.5419,0.9462,0.9517,0.6738,0.9096,0.9872,0.7782,0.9889,0.9267
149,0.997,0.9999,0.3989,0.4664,0.9507,0.9338,0.998,0.5481,0.9458,0.9542,0.6839,0.9036,0.987,0.7756,0.988,0.9234
150,0.9961,1,0.4012,0.4721,0.9487,0.9297,0.9986,0.5534,0.9443,0.9536,0.6762,0.9105,0.9882,0.7748,0.9887,0.9241
151,0.9959,1,0.3999,0.4574,0.9542,0.9352,0.9984,0.5465,0.9475,0.9544,0.671,0.909,0.9879,0.773,0.9897,0.9304
152,0.9967,0.9999,0.393,0.4765,0.9504,0.9349,0.9982,0.5568,0.9453,0.9521,0.6815,0.9059,0.9849,0.7785,0.9881,0.9213
153,0.9963,1,0.3937,0.4678,0.9506,0.9274,0.9982,0.5514,0.9415,0.9511,0.6822,0.9064,0.9875,0.782,0.9883,0.9253
154,0.9962,1,0.3976,0.4761,0.9507,0.9311,0.9983,0.5492,0.944,0.9561,0.6748,0.9108,0.9885,0.7795,0.9876,0.9233
155,0.9969,1,0.394,0.4727,0.9521,0.9331,0.998,0.5549,0.943,0.9538,0.6791,0.9056,0.9877,0.7852,0.9874,0.9219
156,0.9952,0.9999,0.3999,0.4726,0.9533,0.933,0.9979,0.5498,0.9463,0.9527,0.6809,0.9071,0.9885,0.7879,0.9889,0.9235
157,0.997,0.9999,0.3976,0.4753,0.9526,0.9307,0.9982,0.5403,0.9436,0.9505,0.6813,0.908,0.9878,0.7784,0.9872,0.9279
158,0.9961,1,0.3943,0.4694,0.9542,0.9304,0.9979,0.5388,0.9458,0.954,0.6804,0.9052,0.9883,0.7859,0.9879,0.9251
159,0.9962,1,0.4092,0.4784,0.9517,0.9299,0.9987,0.5536,0.9414,0.9512,0.6883,0.9053,0.9866,0.7854,0.9865,0.9239
160,0.9962,1,0.4036,0.4766,0.9532,0.9274,0.998,0.5521,0.9429,0.9545,0.6842,0.9044,0.986,0.788,0.9886,0.9302
161,0.9964,1,0.4018,0.4639,0.9537,0.9288,0.9978,0.5409,0.9424,0.9554,0.689,0.9105,0.988,0.7838,0.9878,0.9234
162,0.9959,1,0.408,0.4781,0.9531,0.9311,0.9981,0.5392,0.9456,0.9537,0.6742,0.9086,0.9871,0.7873,0.9884,0.9278
163,0.9962,1,0.4022,0.4683,0.9538,0.9278,0.9987,0.5537,0.9409,0.9541,0.6919,0.9037,0.9889,0.7918,0.9862,0.9218
164,0.9966,1,0.4017,0.471,0.9546,0.9279,0.998,0.5386,0.9415,0.954,0.688,0.907,0.9875,0.7867,0.988,0.9241
165,0.9968,0.9999,0.4004,0.473,0.9526,0.9302,0.9974,0.5479,0.942,0.952,0.6906,0.904,0.9853,0.7975,0.9876,0.93
166,0.9969,1,0.3912,0.4738,0.9544,0.9324,0.998,0.539,0.9414,0.9503,0.6864,0.9042,0.9892,0.7905,0.9898,0.9202
167,0.996,0.9999,0.3993,0.4763,0.9558,0.9258,0.9984,0.5454,0.9413,0.9533,0.6905,0.9063,0.9854,0.7977,0.9891,0.9322
168,0.9966,1,0.3996,0.4714,0.9517,0.9269,0.9974,0.5486,0.9419,0.9545,0.682,0.9047,0.9878,0.7964,0.9895,0.9252
169,0.9963,1,0.3917,0.4752,0.9502,0.9285,0.9979,0.5396,0.9417,0.9533,0.6923,0.9044,0.9864,0.7968,0.9888,0.925
170,0.9961,1,0.3985,0.4653,0.9541,0.9309,0.9989,0.5446,0.9411,0.9523,0.6921,0.905,0.9855,0.7969,0.9883,0.9251
171,0.9957,1,0.4074,0.4727,0.9555,0.9306,0.999,0.5506,0.9435,0.9521,0.6919,0.9069,0.9884,0.7951,0.9899,0.9264
172,0.9961,1,0.4044,0.469,0.9545,0.929,0.9986,0.5434,0.9401,0.9535,0.6888,0.9066,0.987,0.8044,0.9866,0.9256
173,0.997,1,0.4024,0.4695,0.9539,0.9271,0.999,0.5462,0.9425,0.9518,0.6908,0.9103,0.9862,0.8032,0.989,0.9243
174,0.9965,1,0.4029,0.4637,0.9555,0.9272,0.9988,0.5439,0.9423,0.9514,0.692,0.9086,0.9873,0.7968,0.9884,0.9244
175,0.9964,1,0.3979,0.4727,0.956,0.9281,0.9989,0.5484,0.943,0.9532,0.6991,0.9085,0.9864,0.7996,0.9877,0.9235
176,0.9961,1,0.4038,0.4671,0.9577,0.9274,0.9984,0.5435,0.9395,0.9533,0.6924,0.907,0.9858,0.8027,0.9879,0.9215
177,0.9959,1,0.4011,0.4701,0.9536,0.9266,0.9988,0.5408,0.9408,0.9508,0.6955,0.9008,0.9877,0.8013,0.9913,0.9249
178,0.9965,1,0.3948,0.4795,0.956,0.9242,0.9982,0.5452,0.9415,0.9522,0.6985,0.9081,0.9857,0.8012,0.9882,0.9203
179,0.9963,0.9999,0.4009,0.4718,0.9558,0.9303,0.9979,0.5394,0.9369,0.9506,0.6923,0.9035,0.9883,0.8059,0.9867,0.925
180,0.9966,1,0.4006,0.4795,0.9568,0.9297,0.9986,0.5392,0.9348,0.9498,0.6974,0.9081,0.9859,0.8064,0.9899,0.9211
181,0.9967,0.9999,0.3967,0.4725,0.9612,0.9294,0.9984,0.5352,0.9343,0.9512,0.6914,0.9019,0.9861,0.8058,0.9892,0.9242
182,0.9961,1,0.3893,0.4685,0.9598,0.9304,0.999,0.5373,0.9374,0.95,0.6848,0.9031,0.9887,0.813,0.9865,0.9237
183,0.997,1,0.3967,0.4674,0.9556,0.9271,0.9984,0.5394,0.9404,0.9493,0.6973,0.9052,0.986,0.8024,0.9878,0.9194
184,0.996,1,0.3964,0.4711,0.9583,0.9227,0.9987,0.5333,0.9387,0.9517,0.7035,0.9056,0.9863,0.8088,0.9887,0.926
185,0.9968,1,0.3905,0.4617,0.9603,0.9307,0.998,0.5307,0.9405,0.9481,0.699,0.9045,0.9861,0.8049,0.9907,0.9205
186,0.9963,0.9999,0.395,0.4606,0.9601,0.929,0.9985,0.5328,0.9366,0.9478,0.6875,0.9032,0.9866,0.8181,0.9884,0.9237
187,0.9958,1,0.4009,0.4703,0.9556,0.929,0.9988,0.527,0.9365,0.9466,0.7029,0.9075,0.9858,0.8088,0.9864,0.9207
188,0.9956,1,0.398,0.4677,0.9585,0.925,0.9983,0.5435,0.9383,0.9473,0.6955,0.9027,0.9866,0.8101,0.988,0.9185
189,0.9959,1,0.3946,0.4759,0.9552,0.9263,0.9988,0.5374,0.9362,0.9498,0.7003,0.9048,0.9867,0.8134,0.9861,0.9244
190,0.9965,0.9999,0.3883,0.4629,0.9587,0.9234,0.9984,0.533,0.9405,0.9487,0.6932,0.9085,0.9879,0.8115,0.9882,0.9228
191,0.9969,1,0.4023,0.4699,0.96,0.9256,0.9988,0.5357,0.938,0.9473,0.6949,0.8995,0.9892,0.8116,0.9884,0.922
192,0.9959,1,0.3983,0.4655,0.9596,0.928,0.9988,0.5289,0.9377,0.947,0.7065,0.909,0.9853,0.808,0.987,0.9208
193,0.9975,1,0.4012,0.4703,0.9586,0.9271,0.9989,0.5371,0.9366,0.9461,0.7014,0.9028,0.9876,0.8157,0.9877,0.92
194,0.9964,1,0.398,0.4743,0.9573,0.9314,0.999,0.5343,0.9349,0.9441,0.7003,0.9013,0.9874,0.8135,0.9883,0.921
195,0.9961,1,0.3936,0.4723,0.9594,0.9233,0.999,0.5288,0.9378,0.9456,0.7018,0.9097,0.9869,0.8176,0.9886,0.9188
196,0.9965,1,0.3929,0.4719,0.9592,0.9243,0.9988,0.5453,0.9368,0.9498,0.7006,0.9034,0.9874,0.808,0.9886,0.9209
197,0.9961,1,0.4062,0.4758,0.9615,0.9244,0.9983,0.5418,0.9365,0.9465,0.7068,0.9017,0.9874,0.8121,0.9885,0.9216
198,0.9958,1,0.3989,0.4686,0.9608,0.9207,0.9987,0.5298,0.9394,0.947,0.7067,0.9044,0.9861,0.8208,0.9876,0.9204
199,0.9963,1,0.398,0.4706,0.9601,0.9194,0.9986,0.5377,0.936,0.944,0.6952,0.9003,0.9884,0.8183,0.9877,0.9183
